Feb 12 12:50:14.757 INFO Starting: C:\Users\OSJ\AppData\Local\Programs\Microsoft VS Code\Code.exe, true
Feb 12 12:50:14.757 INFO Checking for running Code.exe processes... (attempt 1)
Feb 12 12:50:14.761 INFO Code.exe is not running
Feb 12 12:50:14.761 INFO Checking for possible conflicting running processes... (attempt 1)
Feb 12 12:50:14.765 INFO Inno Updater v0.9.0
Feb 12 12:50:14.765 INFO Starting update, silent = true
Feb 12 12:50:14.774 INFO do_update: "C:\\Users\\OSJ\\AppData\\Local\\Programs\\Microsoft VS Code\\Code.exe", _
Feb 12 12:50:14.774 INFO move_update: "C:\\Users\\OSJ\\AppData\\Local\\Programs\\Microsoft VS Code\\unins000.dat", _
Feb 12 12:50:14.774 INFO Reading directory: "C:\\Users\\OSJ\\AppData\\Local\\Programs\\Microsoft VS Code"
Feb 12 12:50:14.774 INFO Get file handle: "C:\\Users\\OSJ\\AppData\\Local\\Programs\\Microsoft VS Code\\chrome_100_percent.pak" (attempt 1)
Feb 12 12:50:14.774 INFO Get file handle: "C:\\Users\\OSJ\\AppData\\Local\\Programs\\Microsoft VS Code\\chrome_200_percent.pak" (attempt 1)
Feb 12 12:50:14.774 INFO Get file handle: "C:\\Users\\OSJ\\AppData\\Local\\Programs\\Microsoft VS Code\\Code.exe" (attempt 1)
Feb 12 12:50:14.774 INFO Get file handle: "C:\\Users\\OSJ\\AppData\\Local\\Programs\\Microsoft VS Code\\Code.VisualElementsManifest.xml" (attempt 1)
Feb 12 12:50:14.774 INFO Get file handle: "C:\\Users\\OSJ\\AppData\\Local\\Programs\\Microsoft VS Code\\d3dcompiler_47.dll" (attempt 1)
Feb 12 12:50:14.774 INFO Get file handle: "C:\\Users\\OSJ\\AppData\\Local\\Programs\\Microsoft VS Code\\ffmpeg.dll" (attempt 1)
Feb 12 12:50:14.774 INFO Get file handle: "C:\\Users\\OSJ\\AppData\\Local\\Programs\\Microsoft VS Code\\icudtl.dat" (attempt 1)
Feb 12 12:50:14.774 INFO Get file handle: "C:\\Users\\OSJ\\AppData\\Local\\Programs\\Microsoft VS Code\\libEGL.dll" (attempt 1)
Feb 12 12:50:14.774 INFO Get file handle: "C:\\Users\\OSJ\\AppData\\Local\\Programs\\Microsoft VS Code\\libGLESv2.dll" (attempt 1)
Feb 12 12:50:14.774 INFO Get file handle: "C:\\Users\\OSJ\\AppData\\Local\\Programs\\Microsoft VS Code\\resources.pak" (attempt 1)
Feb 12 12:50:14.774 INFO Get file handle: "C:\\Users\\OSJ\\AppData\\Local\\Programs\\Microsoft VS Code\\snapshot_blob.bin" (attempt 1)
Feb 12 12:50:14.775 INFO Get file handle: "C:\\Users\\OSJ\\AppData\\Local\\Programs\\Microsoft VS Code\\v8_context_snapshot.bin" (attempt 1)
Feb 12 12:50:14.775 INFO Get file handle: "C:\\Users\\OSJ\\AppData\\Local\\Programs\\Microsoft VS Code\\vk_swiftshader.dll" (attempt 1)
Feb 12 12:50:14.775 INFO Get file handle: "C:\\Users\\OSJ\\AppData\\Local\\Programs\\Microsoft VS Code\\vk_swiftshader_icd.json" (attempt 1)
Feb 12 12:50:14.775 INFO Get file handle: "C:\\Users\\OSJ\\AppData\\Local\\Programs\\Microsoft VS Code\\vulkan-1.dll" (attempt 1)
Feb 12 12:50:14.775 INFO Reading directory: "C:\\Users\\OSJ\\AppData\\Local\\Programs\\Microsoft VS Code\\bin"
Feb 12 12:50:14.775 INFO Get file handle: "C:\\Users\\OSJ\\AppData\\Local\\Programs\\Microsoft VS Code\\bin\\code" (attempt 1)
Feb 12 12:50:14.775 INFO Get file handle: "C:\\Users\\OSJ\\AppData\\Local\\Programs\\Microsoft VS Code\\bin\\code-tunnel.exe" (attempt 1)
Feb 12 12:50:14.775 INFO Get file handle: "C:\\Users\\OSJ\\AppData\\Local\\Programs\\Microsoft VS Code\\bin\\code.cmd" (attempt 1)
Feb 12 12:50:14.775 INFO Reading directory: "C:\\Users\\OSJ\\AppData\\Local\\Programs\\Microsoft VS Code\\locales"
Feb 12 12:50:14.775 INFO Get file handle: "C:\\Users\\OSJ\\AppData\\Local\\Programs\\Microsoft VS Code\\locales\\af.pak" (attempt 1)
Feb 12 12:50:14.775 INFO Get file handle: "C:\\Users\\OSJ\\AppData\\Local\\Programs\\Microsoft VS Code\\locales\\am.pak" (attempt 1)
Feb 12 12:50:14.775 INFO Get file handle: "C:\\Users\\OSJ\\AppData\\Local\\Programs\\Microsoft VS Code\\locales\\ar.pak" (attempt 1)
Feb 12 12:50:14.775 INFO Get file handle: "C:\\Users\\OSJ\\AppData\\Local\\Programs\\Microsoft VS Code\\locales\\bg.pak" (attempt 1)
Feb 12 12:50:14.775 INFO Get file handle: "C:\\Users\\OSJ\\AppData\\Local\\Programs\\Microsoft VS Code\\locales\\bn.pak" (attempt 1)
Feb 12 12:50:14.775 INFO Get file handle: "C:\\Users\\OSJ\\AppData\\Local\\Programs\\Microsoft VS Code\\locales\\ca.pak" (attempt 1)
Feb 12 12:50:14.775 INFO Get file handle: "C:\\Users\\OSJ\\AppData\\Local\\Programs\\Microsoft VS Code\\locales\\cs.pak" (attempt 1)
Feb 12 12:50:14.775 INFO Get file handle: "C:\\Users\\OSJ\\AppData\\Local\\Programs\\Microsoft VS Code\\locales\\da.pak" (attempt 1)
Feb 12 12:50:14.775 INFO Get file handle: "C:\\Users\\OSJ\\AppData\\Local\\Programs\\Microsoft VS Code\\locales\\de.pak" (attempt 1)
Feb 12 12:50:14.775 INFO Get file handle: "C:\\Users\\OSJ\\AppData\\Local\\Programs\\Microsoft VS Code\\locales\\el.pak" (attempt 1)
Feb 12 12:50:14.775 INFO Get file handle: "C:\\Users\\OSJ\\AppData\\Local\\Programs\\Microsoft VS Code\\locales\\en-GB.pak" (attempt 1)
Feb 12 12:50:14.775 INFO Get file handle: "C:\\Users\\OSJ\\AppData\\Local\\Programs\\Microsoft VS Code\\locales\\en-US.pak" (attempt 1)
Feb 12 12:50:14.775 INFO Get file handle: "C:\\Users\\OSJ\\AppData\\Local\\Programs\\Microsoft VS Code\\locales\\es-419.pak" (attempt 1)
Feb 12 12:50:14.776 INFO Get file handle: "C:\\Users\\OSJ\\AppData\\Local\\Programs\\Microsoft VS Code\\locales\\es.pak" (attempt 1)
Feb 12 12:50:14.776 INFO Get file handle: "C:\\Users\\OSJ\\AppData\\Local\\Programs\\Microsoft VS Code\\locales\\et.pak" (attempt 1)
Feb 12 12:50:14.776 INFO Get file handle: "C:\\Users\\OSJ\\AppData\\Local\\Programs\\Microsoft VS Code\\locales\\fa.pak" (attempt 1)
Feb 12 12:50:14.776 INFO Get file handle: "C:\\Users\\OSJ\\AppData\\Local\\Programs\\Microsoft VS Code\\locales\\fi.pak" (attempt 1)
Feb 12 12:50:14.776 INFO Get file handle: "C:\\Users\\OSJ\\AppData\\Local\\Programs\\Microsoft VS Code\\locales\\fil.pak" (attempt 1)
Feb 12 12:50:14.776 INFO Get file handle: "C:\\Users\\OSJ\\AppData\\Local\\Programs\\Microsoft VS Code\\locales\\fr.pak" (attempt 1)
Feb 12 12:50:14.776 INFO Get file handle: "C:\\Users\\OSJ\\AppData\\Local\\Programs\\Microsoft VS Code\\locales\\gu.pak" (attempt 1)
Feb 12 12:50:14.776 INFO Get file handle: "C:\\Users\\OSJ\\AppData\\Local\\Programs\\Microsoft VS Code\\locales\\he.pak" (attempt 1)
Feb 12 12:50:14.776 INFO Get file handle: "C:\\Users\\OSJ\\AppData\\Local\\Programs\\Microsoft VS Code\\locales\\hi.pak" (attempt 1)
Feb 12 12:50:14.776 INFO Get file handle: "C:\\Users\\OSJ\\AppData\\Local\\Programs\\Microsoft VS Code\\locales\\hr.pak" (attempt 1)
Feb 12 12:50:14.776 INFO Get file handle: "C:\\Users\\OSJ\\AppData\\Local\\Programs\\Microsoft VS Code\\locales\\hu.pak" (attempt 1)
Feb 12 12:50:14.776 INFO Get file handle: "C:\\Users\\OSJ\\AppData\\Local\\Programs\\Microsoft VS Code\\locales\\id.pak" (attempt 1)
Feb 12 12:50:14.776 INFO Get file handle: "C:\\Users\\OSJ\\AppData\\Local\\Programs\\Microsoft VS Code\\locales\\it.pak" (attempt 1)
Feb 12 12:50:14.776 INFO Get file handle: "C:\\Users\\OSJ\\AppData\\Local\\Programs\\Microsoft VS Code\\locales\\ja.pak" (attempt 1)
Feb 12 12:50:14.776 INFO Get file handle: "C:\\Users\\OSJ\\AppData\\Local\\Programs\\Microsoft VS Code\\locales\\kn.pak" (attempt 1)
Feb 12 12:50:14.776 INFO Get file handle: "C:\\Users\\OSJ\\AppData\\Local\\Programs\\Microsoft VS Code\\locales\\ko.pak" (attempt 1)
Feb 12 12:50:14.776 INFO Get file handle: "C:\\Users\\OSJ\\AppData\\Local\\Programs\\Microsoft VS Code\\locales\\lt.pak" (attempt 1)
Feb 12 12:50:14.776 INFO Get file handle: "C:\\Users\\OSJ\\AppData\\Local\\Programs\\Microsoft VS Code\\locales\\lv.pak" (attempt 1)
Feb 12 12:50:14.776 INFO Get file handle: "C:\\Users\\OSJ\\AppData\\Local\\Programs\\Microsoft VS Code\\locales\\ml.pak" (attempt 1)
Feb 12 12:50:14.776 INFO Get file handle: "C:\\Users\\OSJ\\AppData\\Local\\Programs\\Microsoft VS Code\\locales\\mr.pak" (attempt 1)
Feb 12 12:50:14.776 INFO Get file handle: "C:\\Users\\OSJ\\AppData\\Local\\Programs\\Microsoft VS Code\\locales\\ms.pak" (attempt 1)
Feb 12 12:50:14.776 INFO Get file handle: "C:\\Users\\OSJ\\AppData\\Local\\Programs\\Microsoft VS Code\\locales\\nb.pak" (attempt 1)
Feb 12 12:50:14.776 INFO Get file handle: "C:\\Users\\OSJ\\AppData\\Local\\Programs\\Microsoft VS Code\\locales\\nl.pak" (attempt 1)
Feb 12 12:50:14.776 INFO Get file handle: "C:\\Users\\OSJ\\AppData\\Local\\Programs\\Microsoft VS Code\\locales\\pl.pak" (attempt 1)
Feb 12 12:50:14.776 INFO Get file handle: "C:\\Users\\OSJ\\AppData\\Local\\Programs\\Microsoft VS Code\\locales\\pt-BR.pak" (attempt 1)
Feb 12 12:50:14.777 INFO Get file handle: "C:\\Users\\OSJ\\AppData\\Local\\Programs\\Microsoft VS Code\\locales\\pt-PT.pak" (attempt 1)
Feb 12 12:50:14.777 INFO Get file handle: "C:\\Users\\OSJ\\AppData\\Local\\Programs\\Microsoft VS Code\\locales\\ro.pak" (attempt 1)
Feb 12 12:50:14.777 INFO Get file handle: "C:\\Users\\OSJ\\AppData\\Local\\Programs\\Microsoft VS Code\\locales\\ru.pak" (attempt 1)
Feb 12 12:50:14.777 INFO Get file handle: "C:\\Users\\OSJ\\AppData\\Local\\Programs\\Microsoft VS Code\\locales\\sk.pak" (attempt 1)
Feb 12 12:50:14.777 INFO Get file handle: "C:\\Users\\OSJ\\AppData\\Local\\Programs\\Microsoft VS Code\\locales\\sl.pak" (attempt 1)
Feb 12 12:50:14.777 INFO Get file handle: "C:\\Users\\OSJ\\AppData\\Local\\Programs\\Microsoft VS Code\\locales\\sr.pak" (attempt 1)
Feb 12 12:50:14.777 INFO Get file handle: "C:\\Users\\OSJ\\AppData\\Local\\Programs\\Microsoft VS Code\\locales\\sv.pak" (attempt 1)
Feb 12 12:50:14.777 INFO Get file handle: "C:\\Users\\OSJ\\AppData\\Local\\Programs\\Microsoft VS Code\\locales\\sw.pak" (attempt 1)
Feb 12 12:50:14.777 INFO Get file handle: "C:\\Users\\OSJ\\AppData\\Local\\Programs\\Microsoft VS Code\\locales\\ta.pak" (attempt 1)
Feb 12 12:50:14.777 INFO Get file handle: "C:\\Users\\OSJ\\AppData\\Local\\Programs\\Microsoft VS Code\\locales\\te.pak" (attempt 1)
Feb 12 12:50:14.777 INFO Get file handle: "C:\\Users\\OSJ\\AppData\\Local\\Programs\\Microsoft VS Code\\locales\\th.pak" (attempt 1)
Feb 12 12:50:14.777 INFO Get file handle: "C:\\Users\\OSJ\\AppData\\Local\\Programs\\Microsoft VS Code\\locales\\tr.pak" (attempt 1)
Feb 12 12:50:14.777 INFO Get file handle: "C:\\Users\\OSJ\\AppData\\Local\\Programs\\Microsoft VS Code\\locales\\uk.pak" (attempt 1)
Feb 12 12:50:14.777 INFO Get file handle: "C:\\Users\\OSJ\\AppData\\Local\\Programs\\Microsoft VS Code\\locales\\ur.pak" (attempt 1)
Feb 12 12:50:14.777 INFO Get file handle: "C:\\Users\\OSJ\\AppData\\Local\\Programs\\Microsoft VS Code\\locales\\vi.pak" (attempt 1)
Feb 12 12:50:14.777 INFO Get file handle: "C:\\Users\\OSJ\\AppData\\Local\\Programs\\Microsoft VS Code\\locales\\zh-CN.pak" (attempt 1)
Feb 12 12:50:14.777 INFO Get file handle: "C:\\Users\\OSJ\\AppData\\Local\\Programs\\Microsoft VS Code\\locales\\zh-TW.pak" (attempt 1)
Feb 12 12:50:14.777 INFO Reading directory: "C:\\Users\\OSJ\\AppData\\Local\\Programs\\Microsoft VS Code\\policies"
Feb 12 12:50:14.777 INFO Get file handle: "C:\\Users\\OSJ\\AppData\\Local\\Programs\\Microsoft VS Code\\policies\\VSCode.admx" (attempt 1)
Feb 12 12:50:14.777 INFO Reading directory: "C:\\Users\\OSJ\\AppData\\Local\\Programs\\Microsoft VS Code\\resources"
Feb 12 12:50:14.777 INFO Reading directory: "C:\\Users\\OSJ\\AppData\\Local\\Programs\\Microsoft VS Code\\policies\\cs-cz"
Feb 12 12:50:14.777 INFO Get file handle: "C:\\Users\\OSJ\\AppData\\Local\\Programs\\Microsoft VS Code\\policies\\cs-cz\\VSCode.adml" (attempt 1)
Feb 12 12:50:14.778 INFO Reading directory: "C:\\Users\\OSJ\\AppData\\Local\\Programs\\Microsoft VS Code\\policies\\de-de"
Feb 12 12:50:14.778 INFO Get file handle: "C:\\Users\\OSJ\\AppData\\Local\\Programs\\Microsoft VS Code\\policies\\de-de\\VSCode.adml" (attempt 1)
Feb 12 12:50:14.778 INFO Reading directory: "C:\\Users\\OSJ\\AppData\\Local\\Programs\\Microsoft VS Code\\policies\\en-us"
Feb 12 12:50:14.778 INFO Get file handle: "C:\\Users\\OSJ\\AppData\\Local\\Programs\\Microsoft VS Code\\policies\\en-us\\VSCode.adml" (attempt 1)
Feb 12 12:50:14.778 INFO Reading directory: "C:\\Users\\OSJ\\AppData\\Local\\Programs\\Microsoft VS Code\\policies\\es-es"
Feb 12 12:50:14.778 INFO Get file handle: "C:\\Users\\OSJ\\AppData\\Local\\Programs\\Microsoft VS Code\\policies\\es-es\\VSCode.adml" (attempt 1)
Feb 12 12:50:14.778 INFO Reading directory: "C:\\Users\\OSJ\\AppData\\Local\\Programs\\Microsoft VS Code\\policies\\fr-fr"
Feb 12 12:50:14.778 INFO Get file handle: "C:\\Users\\OSJ\\AppData\\Local\\Programs\\Microsoft VS Code\\policies\\fr-fr\\VSCode.adml" (attempt 1)
Feb 12 12:50:14.778 INFO Reading directory: "C:\\Users\\OSJ\\AppData\\Local\\Programs\\Microsoft VS Code\\policies\\it-it"
Feb 12 12:50:14.778 INFO Get file handle: "C:\\Users\\OSJ\\AppData\\Local\\Programs\\Microsoft VS Code\\policies\\it-it\\VSCode.adml" (attempt 1)
Feb 12 12:50:14.778 INFO Reading directory: "C:\\Users\\OSJ\\AppData\\Local\\Programs\\Microsoft VS Code\\policies\\ja-jp"
Feb 12 12:50:14.778 INFO Get file handle: "C:\\Users\\OSJ\\AppData\\Local\\Programs\\Microsoft VS Code\\policies\\ja-jp\\VSCode.adml" (attempt 1)
Feb 12 12:50:14.778 INFO Reading directory: "C:\\Users\\OSJ\\AppData\\Local\\Programs\\Microsoft VS Code\\policies\\ko-kr"
Feb 12 12:50:14.778 INFO Get file handle: "C:\\Users\\OSJ\\AppData\\Local\\Programs\\Microsoft VS Code\\policies\\ko-kr\\VSCode.adml" (attempt 1)
Feb 12 12:50:14.778 INFO Reading directory: "C:\\Users\\OSJ\\AppData\\Local\\Programs\\Microsoft VS Code\\policies\\pl-pl"
Feb 12 12:50:14.778 INFO Get file handle: "C:\\Users\\OSJ\\AppData\\Local\\Programs\\Microsoft VS Code\\policies\\pl-pl\\VSCode.adml" (attempt 1)
Feb 12 12:50:14.778 INFO Reading directory: "C:\\Users\\OSJ\\AppData\\Local\\Programs\\Microsoft VS Code\\policies\\pt-br"
Feb 12 12:50:14.778 INFO Get file handle: "C:\\Users\\OSJ\\AppData\\Local\\Programs\\Microsoft VS Code\\policies\\pt-br\\VSCode.adml" (attempt 1)
Feb 12 12:50:14.778 INFO Reading directory: "C:\\Users\\OSJ\\AppData\\Local\\Programs\\Microsoft VS Code\\policies\\ru-ru"
Feb 12 12:50:14.779 INFO Get file handle: "C:\\Users\\OSJ\\AppData\\Local\\Programs\\Microsoft VS Code\\policies\\ru-ru\\VSCode.adml" (attempt 1)
Feb 12 12:50:14.779 INFO Reading directory: "C:\\Users\\OSJ\\AppData\\Local\\Programs\\Microsoft VS Code\\policies\\tr-tr"
Feb 12 12:50:14.779 INFO Get file handle: "C:\\Users\\OSJ\\AppData\\Local\\Programs\\Microsoft VS Code\\policies\\tr-tr\\VSCode.adml" (attempt 1)
Feb 12 12:50:14.779 INFO Reading directory: "C:\\Users\\OSJ\\AppData\\Local\\Programs\\Microsoft VS Code\\policies\\zh-cn"
Feb 12 12:50:14.779 INFO Get file handle: "C:\\Users\\OSJ\\AppData\\Local\\Programs\\Microsoft VS Code\\policies\\zh-cn\\VSCode.adml" (attempt 1)
Feb 12 12:50:14.779 INFO Reading directory: "C:\\Users\\OSJ\\AppData\\Local\\Programs\\Microsoft VS Code\\policies\\zh-tw"
Feb 12 12:50:14.779 INFO Get file handle: "C:\\Users\\OSJ\\AppData\\Local\\Programs\\Microsoft VS Code\\policies\\zh-tw\\VSCode.adml" (attempt 1)
Feb 12 12:50:14.779 INFO Reading directory: "C:\\Users\\OSJ\\AppData\\Local\\Programs\\Microsoft VS Code\\resources\\app"
Feb 12 12:50:14.779 INFO Get file handle: "C:\\Users\\OSJ\\AppData\\Local\\Programs\\Microsoft VS Code\\resources\\app\\LICENSE.rtf" (attempt 1)
Feb 12 12:50:14.779 INFO Get file handle: "C:\\Users\\OSJ\\AppData\\Local\\Programs\\Microsoft VS Code\\resources\\app\\LICENSES.chromium.html" (attempt 1)
Feb 12 12:50:14.779 INFO Get file handle: "C:\\Users\\OSJ\\AppData\\Local\\Programs\\Microsoft VS Code\\resources\\app\\node_modules.asar" (attempt 1)
Feb 12 12:50:14.779 INFO Get file handle: "C:\\Users\\OSJ\\AppData\\Local\\Programs\\Microsoft VS Code\\resources\\app\\package.json" (attempt 1)
Feb 12 12:50:14.779 INFO Get file handle: "C:\\Users\\OSJ\\AppData\\Local\\Programs\\Microsoft VS Code\\resources\\app\\product.json" (attempt 1)
Feb 12 12:50:14.779 INFO Get file handle: "C:\\Users\\OSJ\\AppData\\Local\\Programs\\Microsoft VS Code\\resources\\app\\telemetry-core.json" (attempt 1)
Feb 12 12:50:14.779 INFO Get file handle: "C:\\Users\\OSJ\\AppData\\Local\\Programs\\Microsoft VS Code\\resources\\app\\telemetry-extensions.json" (attempt 1)
Feb 12 12:50:14.779 INFO Get file handle: "C:\\Users\\OSJ\\AppData\\Local\\Programs\\Microsoft VS Code\\resources\\app\\ThirdPartyNotices.txt" (attempt 1)
Feb 12 12:50:14.779 INFO Reading directory: "C:\\Users\\OSJ\\AppData\\Local\\Programs\\Microsoft VS Code\\resources\\app\\extensions"
Feb 12 12:50:14.780 INFO Reading directory: "C:\\Users\\OSJ\\AppData\\Local\\Programs\\Microsoft VS Code\\resources\\app\\licenses"
Feb 12 12:50:14.780 INFO Get file handle: "C:\\Users\\OSJ\\AppData\\Local\\Programs\\Microsoft VS Code\\resources\\app\\licenses\\LICENSE-bul.rtf" (attempt 1)
Feb 12 12:50:14.780 INFO Get file handle: "C:\\Users\\OSJ\\AppData\\Local\\Programs\\Microsoft VS Code\\resources\\app\\licenses\\LICENSE-chs.rtf" (attempt 1)
Feb 12 12:50:14.780 INFO Get file handle: "C:\\Users\\OSJ\\AppData\\Local\\Programs\\Microsoft VS Code\\resources\\app\\licenses\\LICENSE-cht.rtf" (attempt 1)
Feb 12 12:50:14.780 INFO Get file handle: "C:\\Users\\OSJ\\AppData\\Local\\Programs\\Microsoft VS Code\\resources\\app\\licenses\\LICENSE-deu.rtf" (attempt 1)
Feb 12 12:50:14.780 INFO Get file handle: "C:\\Users\\OSJ\\AppData\\Local\\Programs\\Microsoft VS Code\\resources\\app\\licenses\\LICENSE-esp.rtf" (attempt 1)
Feb 12 12:50:14.780 INFO Get file handle: "C:\\Users\\OSJ\\AppData\\Local\\Programs\\Microsoft VS Code\\resources\\app\\licenses\\LICENSE-fra.rtf" (attempt 1)
Feb 12 12:50:14.780 INFO Get file handle: "C:\\Users\\OSJ\\AppData\\Local\\Programs\\Microsoft VS Code\\resources\\app\\licenses\\LICENSE-hun.rtf" (attempt 1)
Feb 12 12:50:14.780 INFO Get file handle: "C:\\Users\\OSJ\\AppData\\Local\\Programs\\Microsoft VS Code\\resources\\app\\licenses\\LICENSE-ita.rtf" (attempt 1)
Feb 12 12:50:14.780 INFO Get file handle: "C:\\Users\\OSJ\\AppData\\Local\\Programs\\Microsoft VS Code\\resources\\app\\licenses\\LICENSE-jpn.rtf" (attempt 1)
Feb 12 12:50:14.780 INFO Get file handle: "C:\\Users\\OSJ\\AppData\\Local\\Programs\\Microsoft VS Code\\resources\\app\\licenses\\LICENSE-kor.rtf" (attempt 1)
Feb 12 12:50:14.780 INFO Get file handle: "C:\\Users\\OSJ\\AppData\\Local\\Programs\\Microsoft VS Code\\resources\\app\\licenses\\LICENSE-ptb.rtf" (attempt 1)
Feb 12 12:50:14.780 INFO Get file handle: "C:\\Users\\OSJ\\AppData\\Local\\Programs\\Microsoft VS Code\\resources\\app\\licenses\\LICENSE-rus.rtf" (attempt 1)
Feb 12 12:50:14.780 INFO Get file handle: "C:\\Users\\OSJ\\AppData\\Local\\Programs\\Microsoft VS Code\\resources\\app\\licenses\\LICENSE-trk.rtf" (attempt 1)
Feb 12 12:50:14.780 INFO Reading directory: "C:\\Users\\OSJ\\AppData\\Local\\Programs\\Microsoft VS Code\\resources\\app\\node_modules.asar.unpacked"
Feb 12 12:50:14.780 INFO Reading directory: "C:\\Users\\OSJ\\AppData\\Local\\Programs\\Microsoft VS Code\\resources\\app\\out"
Feb 12 12:50:14.780 INFO Get file handle: "C:\\Users\\OSJ\\AppData\\Local\\Programs\\Microsoft VS Code\\resources\\app\\out\\bootstrap-amd.js" (attempt 1)
Feb 12 12:50:14.780 INFO Get file handle: "C:\\Users\\OSJ\\AppData\\Local\\Programs\\Microsoft VS Code\\resources\\app\\out\\bootstrap-fork.js" (attempt 1)
Feb 12 12:50:14.781 INFO Get file handle: "C:\\Users\\OSJ\\AppData\\Local\\Programs\\Microsoft VS Code\\resources\\app\\out\\bootstrap-node.js" (attempt 1)
Feb 12 12:50:14.781 INFO Get file handle: "C:\\Users\\OSJ\\AppData\\Local\\Programs\\Microsoft VS Code\\resources\\app\\out\\bootstrap-window.js" (attempt 1)
Feb 12 12:50:14.781 INFO Get file handle: "C:\\Users\\OSJ\\AppData\\Local\\Programs\\Microsoft VS Code\\resources\\app\\out\\bootstrap.js" (attempt 1)
Feb 12 12:50:14.781 INFO Get file handle: "C:\\Users\\OSJ\\AppData\\Local\\Programs\\Microsoft VS Code\\resources\\app\\out\\cli.js" (attempt 1)
Feb 12 12:50:14.781 INFO Get file handle: "C:\\Users\\OSJ\\AppData\\Local\\Programs\\Microsoft VS Code\\resources\\app\\out\\main.js" (attempt 1)
Feb 12 12:50:14.781 INFO Get file handle: "C:\\Users\\OSJ\\AppData\\Local\\Programs\\Microsoft VS Code\\resources\\app\\out\\nls.metadata.json" (attempt 1)
Feb 12 12:50:14.781 INFO Reading directory: "C:\\Users\\OSJ\\AppData\\Local\\Programs\\Microsoft VS Code\\resources\\app\\resources"
Feb 12 12:50:14.781 INFO Reading directory: "C:\\Users\\OSJ\\AppData\\Local\\Programs\\Microsoft VS Code\\resources\\app\\extensions\\bat"
Feb 12 12:50:14.781 INFO Get file handle: "C:\\Users\\OSJ\\AppData\\Local\\Programs\\Microsoft VS Code\\resources\\app\\extensions\\bat\\language-configuration.json" (attempt 1)
Feb 12 12:50:14.781 INFO Get file handle: "C:\\Users\\OSJ\\AppData\\Local\\Programs\\Microsoft VS Code\\resources\\app\\extensions\\bat\\package.json" (attempt 1)
Feb 12 12:50:14.781 INFO Get file handle: "C:\\Users\\OSJ\\AppData\\Local\\Programs\\Microsoft VS Code\\resources\\app\\extensions\\bat\\package.nls.json" (attempt 1)
Feb 12 12:50:14.781 INFO Reading directory: "C:\\Users\\OSJ\\AppData\\Local\\Programs\\Microsoft VS Code\\resources\\app\\extensions\\clojure"
Feb 12 12:50:14.781 INFO Get file handle: "C:\\Users\\OSJ\\AppData\\Local\\Programs\\Microsoft VS Code\\resources\\app\\extensions\\clojure\\language-configuration.json" (attempt 1)
Feb 12 12:50:14.781 INFO Get file handle: "C:\\Users\\OSJ\\AppData\\Local\\Programs\\Microsoft VS Code\\resources\\app\\extensions\\clojure\\package.json" (attempt 1)
Feb 12 12:50:14.781 INFO Get file handle: "C:\\Users\\OSJ\\AppData\\Local\\Programs\\Microsoft VS Code\\resources\\app\\extensions\\clojure\\package.nls.json" (attempt 1)
Feb 12 12:50:14.781 INFO Reading directory: "C:\\Users\\OSJ\\AppData\\Local\\Programs\\Microsoft VS Code\\resources\\app\\extensions\\coffeescript"
Feb 12 12:50:14.781 INFO Get file handle: "C:\\Users\\OSJ\\AppData\\Local\\Programs\\Microsoft VS Code\\resources\\app\\extensions\\coffeescript\\language-configuration.json" (attempt 1)
Feb 12 12:50:14.781 INFO Get file handle: "C:\\Users\\OSJ\\AppData\\Local\\Programs\\Microsoft VS Code\\resources\\app\\extensions\\coffeescript\\package.json" (attempt 1)
Feb 12 12:50:14.781 INFO Get file handle: "C:\\Users\\OSJ\\AppData\\Local\\Programs\\Microsoft VS Code\\resources\\app\\extensions\\coffeescript\\package.nls.json" (attempt 1)
Feb 12 12:50:14.781 INFO Reading directory: "C:\\Users\\OSJ\\AppData\\Local\\Programs\\Microsoft VS Code\\resources\\app\\extensions\\configuration-editing"
Feb 12 12:50:14.781 INFO Get file handle: "C:\\Users\\OSJ\\AppData\\Local\\Programs\\Microsoft VS Code\\resources\\app\\extensions\\configuration-editing\\package.json" (attempt 1)
Feb 12 12:50:14.781 INFO Get file handle: "C:\\Users\\OSJ\\AppData\\Local\\Programs\\Microsoft VS Code\\resources\\app\\extensions\\configuration-editing\\package.nls.json" (attempt 1)
Feb 12 12:50:14.782 INFO Reading directory: "C:\\Users\\OSJ\\AppData\\Local\\Programs\\Microsoft VS Code\\resources\\app\\extensions\\cpp"
Feb 12 12:50:14.782 INFO Get file handle: "C:\\Users\\OSJ\\AppData\\Local\\Programs\\Microsoft VS Code\\resources\\app\\extensions\\cpp\\language-configuration.json" (attempt 1)
Feb 12 12:50:14.782 INFO Get file handle: "C:\\Users\\OSJ\\AppData\\Local\\Programs\\Microsoft VS Code\\resources\\app\\extensions\\cpp\\package.json" (attempt 1)
Feb 12 12:50:14.782 INFO Get file handle: "C:\\Users\\OSJ\\AppData\\Local\\Programs\\Microsoft VS Code\\resources\\app\\extensions\\cpp\\package.nls.json" (attempt 1)
Feb 12 12:50:14.782 INFO Reading directory: "C:\\Users\\OSJ\\AppData\\Local\\Programs\\Microsoft VS Code\\resources\\app\\extensions\\csharp"
Feb 12 12:50:14.782 INFO Get file handle: "C:\\Users\\OSJ\\AppData\\Local\\Programs\\Microsoft VS Code\\resources\\app\\extensions\\csharp\\language-configuration.json" (attempt 1)
Feb 12 12:50:14.782 INFO Get file handle: "C:\\Users\\OSJ\\AppData\\Local\\Programs\\Microsoft VS Code\\resources\\app\\extensions\\csharp\\package.json" (attempt 1)
Feb 12 12:50:14.782 INFO Get file handle: "C:\\Users\\OSJ\\AppData\\Local\\Programs\\Microsoft VS Code\\resources\\app\\extensions\\csharp\\package.nls.json" (attempt 1)
Feb 12 12:50:14.782 INFO Reading directory: "C:\\Users\\OSJ\\AppData\\Local\\Programs\\Microsoft VS Code\\resources\\app\\extensions\\css"
Feb 12 12:50:14.782 INFO Get file handle: "C:\\Users\\OSJ\\AppData\\Local\\Programs\\Microsoft VS Code\\resources\\app\\extensions\\css\\language-configuration.json" (attempt 1)
Feb 12 12:50:14.782 INFO Get file handle: "C:\\Users\\OSJ\\AppData\\Local\\Programs\\Microsoft VS Code\\resources\\app\\extensions\\css\\package.json" (attempt 1)
Feb 12 12:50:14.782 INFO Get file handle: "C:\\Users\\OSJ\\AppData\\Local\\Programs\\Microsoft VS Code\\resources\\app\\extensions\\css\\package.nls.json" (attempt 1)
Feb 12 12:50:14.782 INFO Reading directory: "C:\\Users\\OSJ\\AppData\\Local\\Programs\\Microsoft VS Code\\resources\\app\\extensions\\css-language-features"
Feb 12 12:50:14.782 INFO Get file handle: "C:\\Users\\OSJ\\AppData\\Local\\Programs\\Microsoft VS Code\\resources\\app\\extensions\\css-language-features\\package.json" (attempt 1)
Feb 12 12:50:14.782 INFO Get file handle: "C:\\Users\\OSJ\\AppData\\Local\\Programs\\Microsoft VS Code\\resources\\app\\extensions\\css-language-features\\package.nls.json" (attempt 1)
Feb 12 12:50:14.782 INFO Get file handle: "C:\\Users\\OSJ\\AppData\\Local\\Programs\\Microsoft VS Code\\resources\\app\\extensions\\css-language-features\\README.md" (attempt 1)
Feb 12 12:50:14.782 INFO Reading directory: "C:\\Users\\OSJ\\AppData\\Local\\Programs\\Microsoft VS Code\\resources\\app\\extensions\\dart"
Feb 12 12:50:14.782 INFO Get file handle: "C:\\Users\\OSJ\\AppData\\Local\\Programs\\Microsoft VS Code\\resources\\app\\extensions\\dart\\language-configuration.json" (attempt 1)
Feb 12 12:50:14.782 INFO Get file handle: "C:\\Users\\OSJ\\AppData\\Local\\Programs\\Microsoft VS Code\\resources\\app\\extensions\\dart\\package.json" (attempt 1)
Feb 12 12:50:14.782 INFO Get file handle: "C:\\Users\\OSJ\\AppData\\Local\\Programs\\Microsoft VS Code\\resources\\app\\extensions\\dart\\package.nls.json" (attempt 1)
Feb 12 12:50:14.782 INFO Reading directory: "C:\\Users\\OSJ\\AppData\\Local\\Programs\\Microsoft VS Code\\resources\\app\\extensions\\debug-auto-launch"
Feb 12 12:50:14.783 INFO Get file handle: "C:\\Users\\OSJ\\AppData\\Local\\Programs\\Microsoft VS Code\\resources\\app\\extensions\\debug-auto-launch\\package.json" (attempt 1)
Feb 12 12:50:14.783 INFO Get file handle: "C:\\Users\\OSJ\\AppData\\Local\\Programs\\Microsoft VS Code\\resources\\app\\extensions\\debug-auto-launch\\package.nls.json" (attempt 1)
Feb 12 12:50:14.783 INFO Reading directory: "C:\\Users\\OSJ\\AppData\\Local\\Programs\\Microsoft VS Code\\resources\\app\\extensions\\debug-server-ready"
Feb 12 12:50:14.783 INFO Get file handle: "C:\\Users\\OSJ\\AppData\\Local\\Programs\\Microsoft VS Code\\resources\\app\\extensions\\debug-server-ready\\package.json" (attempt 1)
Feb 12 12:50:14.783 INFO Get file handle: "C:\\Users\\OSJ\\AppData\\Local\\Programs\\Microsoft VS Code\\resources\\app\\extensions\\debug-server-ready\\package.nls.json" (attempt 1)
Feb 12 12:50:14.783 INFO Reading directory: "C:\\Users\\OSJ\\AppData\\Local\\Programs\\Microsoft VS Code\\resources\\app\\extensions\\diff"
Feb 12 12:50:14.783 INFO Get file handle: "C:\\Users\\OSJ\\AppData\\Local\\Programs\\Microsoft VS Code\\resources\\app\\extensions\\diff\\language-configuration.json" (attempt 1)
Feb 12 12:50:14.783 INFO Get file handle: "C:\\Users\\OSJ\\AppData\\Local\\Programs\\Microsoft VS Code\\resources\\app\\extensions\\diff\\package.json" (attempt 1)
Feb 12 12:50:14.783 INFO Get file handle: "C:\\Users\\OSJ\\AppData\\Local\\Programs\\Microsoft VS Code\\resources\\app\\extensions\\diff\\package.nls.json" (attempt 1)
Feb 12 12:50:14.783 INFO Reading directory: "C:\\Users\\OSJ\\AppData\\Local\\Programs\\Microsoft VS Code\\resources\\app\\extensions\\docker"
Feb 12 12:50:14.783 INFO Get file handle: "C:\\Users\\OSJ\\AppData\\Local\\Programs\\Microsoft VS Code\\resources\\app\\extensions\\docker\\language-configuration.json" (attempt 1)
Feb 12 12:50:14.783 INFO Get file handle: "C:\\Users\\OSJ\\AppData\\Local\\Programs\\Microsoft VS Code\\resources\\app\\extensions\\docker\\package.json" (attempt 1)
Feb 12 12:50:14.783 INFO Get file handle: "C:\\Users\\OSJ\\AppData\\Local\\Programs\\Microsoft VS Code\\resources\\app\\extensions\\docker\\package.nls.json" (attempt 1)
Feb 12 12:50:14.783 INFO Reading directory: "C:\\Users\\OSJ\\AppData\\Local\\Programs\\Microsoft VS Code\\resources\\app\\extensions\\emmet"
Feb 12 12:50:14.783 INFO Get file handle: "C:\\Users\\OSJ\\AppData\\Local\\Programs\\Microsoft VS Code\\resources\\app\\extensions\\emmet\\package.json" (attempt 1)
Feb 12 12:50:14.783 INFO Get file handle: "C:\\Users\\OSJ\\AppData\\Local\\Programs\\Microsoft VS Code\\resources\\app\\extensions\\emmet\\package.nls.json" (attempt 1)
Feb 12 12:50:14.784 INFO Get file handle: "C:\\Users\\OSJ\\AppData\\Local\\Programs\\Microsoft VS Code\\resources\\app\\extensions\\emmet\\README.md" (attempt 1)
Feb 12 12:50:14.784 INFO Reading directory: "C:\\Users\\OSJ\\AppData\\Local\\Programs\\Microsoft VS Code\\resources\\app\\extensions\\extension-editing"
Feb 12 12:50:14.784 INFO Get file handle: "C:\\Users\\OSJ\\AppData\\Local\\Programs\\Microsoft VS Code\\resources\\app\\extensions\\extension-editing\\package.json" (attempt 1)
Feb 12 12:50:14.784 INFO Get file handle: "C:\\Users\\OSJ\\AppData\\Local\\Programs\\Microsoft VS Code\\resources\\app\\extensions\\extension-editing\\package.nls.json" (attempt 1)
Feb 12 12:50:14.784 INFO Reading directory: "C:\\Users\\OSJ\\AppData\\Local\\Programs\\Microsoft VS Code\\resources\\app\\extensions\\fsharp"
Feb 12 12:50:14.784 INFO Get file handle: "C:\\Users\\OSJ\\AppData\\Local\\Programs\\Microsoft VS Code\\resources\\app\\extensions\\fsharp\\language-configuration.json" (attempt 1)
Feb 12 12:50:14.784 INFO Get file handle: "C:\\Users\\OSJ\\AppData\\Local\\Programs\\Microsoft VS Code\\resources\\app\\extensions\\fsharp\\package.json" (attempt 1)
Feb 12 12:50:14.784 INFO Get file handle: "C:\\Users\\OSJ\\AppData\\Local\\Programs\\Microsoft VS Code\\resources\\app\\extensions\\fsharp\\package.nls.json" (attempt 1)
Feb 12 12:50:14.784 INFO Reading directory: "C:\\Users\\OSJ\\AppData\\Local\\Programs\\Microsoft VS Code\\resources\\app\\extensions\\git"
Feb 12 12:50:14.784 INFO Get file handle: "C:\\Users\\OSJ\\AppData\\Local\\Programs\\Microsoft VS Code\\resources\\app\\extensions\\git\\package.json" (attempt 1)
Feb 12 12:50:14.784 INFO Get file handle: "C:\\Users\\OSJ\\AppData\\Local\\Programs\\Microsoft VS Code\\resources\\app\\extensions\\git\\package.nls.json" (attempt 1)
Feb 12 12:50:14.784 INFO Get file handle: "C:\\Users\\OSJ\\AppData\\Local\\Programs\\Microsoft VS Code\\resources\\app\\extensions\\git\\README.md" (attempt 1)
Feb 12 12:50:14.785 INFO Reading directory: "C:\\Users\\OSJ\\AppData\\Local\\Programs\\Microsoft VS Code\\resources\\app\\extensions\\git-base"
Feb 12 12:50:14.785 INFO Get file handle: "C:\\Users\\OSJ\\AppData\\Local\\Programs\\Microsoft VS Code\\resources\\app\\extensions\\git-base\\package.json" (attempt 1)
Feb 12 12:50:14.785 INFO Get file handle: "C:\\Users\\OSJ\\AppData\\Local\\Programs\\Microsoft VS Code\\resources\\app\\extensions\\git-base\\package.nls.json" (attempt 1)
Feb 12 12:50:14.785 INFO Get file handle: "C:\\Users\\OSJ\\AppData\\Local\\Programs\\Microsoft VS Code\\resources\\app\\extensions\\git-base\\README.md" (attempt 1)
Feb 12 12:50:14.785 INFO Reading directory: "C:\\Users\\OSJ\\AppData\\Local\\Programs\\Microsoft VS Code\\resources\\app\\extensions\\github"
Feb 12 12:50:14.785 INFO Get file handle: "C:\\Users\\OSJ\\AppData\\Local\\Programs\\Microsoft VS Code\\resources\\app\\extensions\\github\\markdown.css" (attempt 1)
Feb 12 12:50:14.785 INFO Get file handle: "C:\\Users\\OSJ\\AppData\\Local\\Programs\\Microsoft VS Code\\resources\\app\\extensions\\github\\package.json" (attempt 1)
Feb 12 12:50:14.785 INFO Get file handle: "C:\\Users\\OSJ\\AppData\\Local\\Programs\\Microsoft VS Code\\resources\\app\\extensions\\github\\package.nls.json" (attempt 1)
Feb 12 12:50:14.785 INFO Get file handle: "C:\\Users\\OSJ\\AppData\\Local\\Programs\\Microsoft VS Code\\resources\\app\\extensions\\github\\README.md" (attempt 1)
Feb 12 12:50:14.785 INFO Reading directory: "C:\\Users\\OSJ\\AppData\\Local\\Programs\\Microsoft VS Code\\resources\\app\\extensions\\github-authentication"
Feb 12 12:50:14.785 INFO Get file handle: "C:\\Users\\OSJ\\AppData\\Local\\Programs\\Microsoft VS Code\\resources\\app\\extensions\\github-authentication\\package.json" (attempt 1)
Feb 12 12:50:14.785 INFO Get file handle: "C:\\Users\\OSJ\\AppData\\Local\\Programs\\Microsoft VS Code\\resources\\app\\extensions\\github-authentication\\package.nls.json" (attempt 1)
Feb 12 12:50:14.785 INFO Get file handle: "C:\\Users\\OSJ\\AppData\\Local\\Programs\\Microsoft VS Code\\resources\\app\\extensions\\github-authentication\\README.md" (attempt 1)
Feb 12 12:50:14.785 INFO Reading directory: "C:\\Users\\OSJ\\AppData\\Local\\Programs\\Microsoft VS Code\\resources\\app\\extensions\\go"
Feb 12 12:50:14.785 INFO Get file handle: "C:\\Users\\OSJ\\AppData\\Local\\Programs\\Microsoft VS Code\\resources\\app\\extensions\\go\\language-configuration.json" (attempt 1)
Feb 12 12:50:14.785 INFO Get file handle: "C:\\Users\\OSJ\\AppData\\Local\\Programs\\Microsoft VS Code\\resources\\app\\extensions\\go\\package.json" (attempt 1)
Feb 12 12:50:14.785 INFO Get file handle: "C:\\Users\\OSJ\\AppData\\Local\\Programs\\Microsoft VS Code\\resources\\app\\extensions\\go\\package.nls.json" (attempt 1)
Feb 12 12:50:14.785 INFO Reading directory: "C:\\Users\\OSJ\\AppData\\Local\\Programs\\Microsoft VS Code\\resources\\app\\extensions\\groovy"
Feb 12 12:50:14.785 INFO Get file handle: "C:\\Users\\OSJ\\AppData\\Local\\Programs\\Microsoft VS Code\\resources\\app\\extensions\\groovy\\language-configuration.json" (attempt 1)
Feb 12 12:50:14.785 INFO Get file handle: "C:\\Users\\OSJ\\AppData\\Local\\Programs\\Microsoft VS Code\\resources\\app\\extensions\\groovy\\package.json" (attempt 1)
Feb 12 12:50:14.786 INFO Get file handle: "C:\\Users\\OSJ\\AppData\\Local\\Programs\\Microsoft VS Code\\resources\\app\\extensions\\groovy\\package.nls.json" (attempt 1)
Feb 12 12:50:14.786 INFO Reading directory: "C:\\Users\\OSJ\\AppData\\Local\\Programs\\Microsoft VS Code\\resources\\app\\extensions\\grunt"
Feb 12 12:50:14.786 INFO Get file handle: "C:\\Users\\OSJ\\AppData\\Local\\Programs\\Microsoft VS Code\\resources\\app\\extensions\\grunt\\package.json" (attempt 1)
Feb 12 12:50:14.786 INFO Get file handle: "C:\\Users\\OSJ\\AppData\\Local\\Programs\\Microsoft VS Code\\resources\\app\\extensions\\grunt\\package.nls.json" (attempt 1)
Feb 12 12:50:14.786 INFO Get file handle: "C:\\Users\\OSJ\\AppData\\Local\\Programs\\Microsoft VS Code\\resources\\app\\extensions\\grunt\\README.md" (attempt 1)
Feb 12 12:50:14.786 INFO Reading directory: "C:\\Users\\OSJ\\AppData\\Local\\Programs\\Microsoft VS Code\\resources\\app\\extensions\\gulp"
Feb 12 12:50:14.786 INFO Get file handle: "C:\\Users\\OSJ\\AppData\\Local\\Programs\\Microsoft VS Code\\resources\\app\\extensions\\gulp\\package.json" (attempt 1)
Feb 12 12:50:14.786 INFO Get file handle: "C:\\Users\\OSJ\\AppData\\Local\\Programs\\Microsoft VS Code\\resources\\app\\extensions\\gulp\\package.nls.json" (attempt 1)
Feb 12 12:50:14.786 INFO Get file handle: "C:\\Users\\OSJ\\AppData\\Local\\Programs\\Microsoft VS Code\\resources\\app\\extensions\\gulp\\README.md" (attempt 1)
Feb 12 12:50:14.786 INFO Reading directory: "C:\\Users\\OSJ\\AppData\\Local\\Programs\\Microsoft VS Code\\resources\\app\\extensions\\handlebars"
Feb 12 12:50:14.786 INFO Get file handle: "C:\\Users\\OSJ\\AppData\\Local\\Programs\\Microsoft VS Code\\resources\\app\\extensions\\handlebars\\language-configuration.json" (attempt 1)
Feb 12 12:50:14.786 INFO Get file handle: "C:\\Users\\OSJ\\AppData\\Local\\Programs\\Microsoft VS Code\\resources\\app\\extensions\\handlebars\\package.json" (attempt 1)
Feb 12 12:50:14.786 INFO Get file handle: "C:\\Users\\OSJ\\AppData\\Local\\Programs\\Microsoft VS Code\\resources\\app\\extensions\\handlebars\\package.nls.json" (attempt 1)
Feb 12 12:50:14.786 INFO Reading directory: "C:\\Users\\OSJ\\AppData\\Local\\Programs\\Microsoft VS Code\\resources\\app\\extensions\\hlsl"
Feb 12 12:50:14.786 INFO Get file handle: "C:\\Users\\OSJ\\AppData\\Local\\Programs\\Microsoft VS Code\\resources\\app\\extensions\\hlsl\\language-configuration.json" (attempt 1)
Feb 12 12:50:14.786 INFO Get file handle: "C:\\Users\\OSJ\\AppData\\Local\\Programs\\Microsoft VS Code\\resources\\app\\extensions\\hlsl\\package.json" (attempt 1)
Feb 12 12:50:14.786 INFO Get file handle: "C:\\Users\\OSJ\\AppData\\Local\\Programs\\Microsoft VS Code\\resources\\app\\extensions\\hlsl\\package.nls.json" (attempt 1)
Feb 12 12:50:14.786 INFO Reading directory: "C:\\Users\\OSJ\\AppData\\Local\\Programs\\Microsoft VS Code\\resources\\app\\extensions\\html"
Feb 12 12:50:14.786 INFO Get file handle: "C:\\Users\\OSJ\\AppData\\Local\\Programs\\Microsoft VS Code\\resources\\app\\extensions\\html\\language-configuration.json" (attempt 1)
Feb 12 12:50:14.786 INFO Get file handle: "C:\\Users\\OSJ\\AppData\\Local\\Programs\\Microsoft VS Code\\resources\\app\\extensions\\html\\package.json" (attempt 1)
Feb 12 12:50:14.786 INFO Get file handle: "C:\\Users\\OSJ\\AppData\\Local\\Programs\\Microsoft VS Code\\resources\\app\\extensions\\html\\package.nls.json" (attempt 1)
Feb 12 12:50:14.786 INFO Reading directory: "C:\\Users\\OSJ\\AppData\\Local\\Programs\\Microsoft VS Code\\resources\\app\\extensions\\html-language-features"
Feb 12 12:50:14.787 INFO Get file handle: "C:\\Users\\OSJ\\AppData\\Local\\Programs\\Microsoft VS Code\\resources\\app\\extensions\\html-language-features\\package.json" (attempt 1)
Feb 12 12:50:14.787 INFO Get file handle: "C:\\Users\\OSJ\\AppData\\Local\\Programs\\Microsoft VS Code\\resources\\app\\extensions\\html-language-features\\package.nls.json" (attempt 1)
Feb 12 12:50:14.787 INFO Get file handle: "C:\\Users\\OSJ\\AppData\\Local\\Programs\\Microsoft VS Code\\resources\\app\\extensions\\html-language-features\\README.md" (attempt 1)
Feb 12 12:50:14.787 INFO Reading directory: "C:\\Users\\OSJ\\AppData\\Local\\Programs\\Microsoft VS Code\\resources\\app\\extensions\\ini"
Feb 12 12:50:14.787 INFO Get file handle: "C:\\Users\\OSJ\\AppData\\Local\\Programs\\Microsoft VS Code\\resources\\app\\extensions\\ini\\ini.language-configuration.json" (attempt 1)
Feb 12 12:50:14.787 INFO Get file handle: "C:\\Users\\OSJ\\AppData\\Local\\Programs\\Microsoft VS Code\\resources\\app\\extensions\\ini\\package.json" (attempt 1)
Feb 12 12:50:14.787 INFO Get file handle: "C:\\Users\\OSJ\\AppData\\Local\\Programs\\Microsoft VS Code\\resources\\app\\extensions\\ini\\package.nls.json" (attempt 1)
Feb 12 12:50:14.787 INFO Get file handle: "C:\\Users\\OSJ\\AppData\\Local\\Programs\\Microsoft VS Code\\resources\\app\\extensions\\ini\\properties.language-configuration.json" (attempt 1)
Feb 12 12:50:14.787 INFO Reading directory: "C:\\Users\\OSJ\\AppData\\Local\\Programs\\Microsoft VS Code\\resources\\app\\extensions\\ipynb"
Feb 12 12:50:14.787 INFO Get file handle: "C:\\Users\\OSJ\\AppData\\Local\\Programs\\Microsoft VS Code\\resources\\app\\extensions\\ipynb\\package.json" (attempt 1)
Feb 12 12:50:14.787 INFO Get file handle: "C:\\Users\\OSJ\\AppData\\Local\\Programs\\Microsoft VS Code\\resources\\app\\extensions\\ipynb\\package.nls.json" (attempt 1)
Feb 12 12:50:14.787 INFO Get file handle: "C:\\Users\\OSJ\\AppData\\Local\\Programs\\Microsoft VS Code\\resources\\app\\extensions\\ipynb\\README.md" (attempt 1)
Feb 12 12:50:14.787 INFO Reading directory: "C:\\Users\\OSJ\\AppData\\Local\\Programs\\Microsoft VS Code\\resources\\app\\extensions\\jake"
Feb 12 12:50:14.787 INFO Get file handle: "C:\\Users\\OSJ\\AppData\\Local\\Programs\\Microsoft VS Code\\resources\\app\\extensions\\jake\\package.json" (attempt 1)
Feb 12 12:50:14.787 INFO Get file handle: "C:\\Users\\OSJ\\AppData\\Local\\Programs\\Microsoft VS Code\\resources\\app\\extensions\\jake\\package.nls.json" (attempt 1)
Feb 12 12:50:14.788 INFO Get file handle: "C:\\Users\\OSJ\\AppData\\Local\\Programs\\Microsoft VS Code\\resources\\app\\extensions\\jake\\README.md" (attempt 1)
Feb 12 12:50:14.788 INFO Reading directory: "C:\\Users\\OSJ\\AppData\\Local\\Programs\\Microsoft VS Code\\resources\\app\\extensions\\java"
Feb 12 12:50:14.788 INFO Get file handle: "C:\\Users\\OSJ\\AppData\\Local\\Programs\\Microsoft VS Code\\resources\\app\\extensions\\java\\language-configuration.json" (attempt 1)
Feb 12 12:50:14.788 INFO Get file handle: "C:\\Users\\OSJ\\AppData\\Local\\Programs\\Microsoft VS Code\\resources\\app\\extensions\\java\\package.json" (attempt 1)
Feb 12 12:50:14.788 INFO Get file handle: "C:\\Users\\OSJ\\AppData\\Local\\Programs\\Microsoft VS Code\\resources\\app\\extensions\\java\\package.nls.json" (attempt 1)
Feb 12 12:50:14.788 INFO Reading directory: "C:\\Users\\OSJ\\AppData\\Local\\Programs\\Microsoft VS Code\\resources\\app\\extensions\\javascript"
Feb 12 12:50:14.788 INFO Get file handle: "C:\\Users\\OSJ\\AppData\\Local\\Programs\\Microsoft VS Code\\resources\\app\\extensions\\javascript\\javascript-language-configuration.json" (attempt 1)
Feb 12 12:50:14.788 INFO Get file handle: "C:\\Users\\OSJ\\AppData\\Local\\Programs\\Microsoft VS Code\\resources\\app\\extensions\\javascript\\package.json" (attempt 1)
Feb 12 12:50:14.788 INFO Get file handle: "C:\\Users\\OSJ\\AppData\\Local\\Programs\\Microsoft VS Code\\resources\\app\\extensions\\javascript\\package.nls.json" (attempt 1)
Feb 12 12:50:14.788 INFO Get file handle: "C:\\Users\\OSJ\\AppData\\Local\\Programs\\Microsoft VS Code\\resources\\app\\extensions\\javascript\\tags-language-configuration.json" (attempt 1)
Feb 12 12:50:14.789 INFO Reading directory: "C:\\Users\\OSJ\\AppData\\Local\\Programs\\Microsoft VS Code\\resources\\app\\extensions\\json"
Feb 12 12:50:14.789 INFO Get file handle: "C:\\Users\\OSJ\\AppData\\Local\\Programs\\Microsoft VS Code\\resources\\app\\extensions\\json\\language-configuration.json" (attempt 1)
Feb 12 12:50:14.789 INFO Get file handle: "C:\\Users\\OSJ\\AppData\\Local\\Programs\\Microsoft VS Code\\resources\\app\\extensions\\json\\package.json" (attempt 1)
Feb 12 12:50:14.789 INFO Get file handle: "C:\\Users\\OSJ\\AppData\\Local\\Programs\\Microsoft VS Code\\resources\\app\\extensions\\json\\package.nls.json" (attempt 1)
Feb 12 12:50:14.789 INFO Reading directory: "C:\\Users\\OSJ\\AppData\\Local\\Programs\\Microsoft VS Code\\resources\\app\\extensions\\json-language-features"
Feb 12 12:50:14.789 INFO Get file handle: "C:\\Users\\OSJ\\AppData\\Local\\Programs\\Microsoft VS Code\\resources\\app\\extensions\\json-language-features\\package.json" (attempt 1)
Feb 12 12:50:14.789 INFO Get file handle: "C:\\Users\\OSJ\\AppData\\Local\\Programs\\Microsoft VS Code\\resources\\app\\extensions\\json-language-features\\package.nls.json" (attempt 1)
Feb 12 12:50:14.789 INFO Get file handle: "C:\\Users\\OSJ\\AppData\\Local\\Programs\\Microsoft VS Code\\resources\\app\\extensions\\json-language-features\\README.md" (attempt 1)
Feb 12 12:50:14.789 INFO Reading directory: "C:\\Users\\OSJ\\AppData\\Local\\Programs\\Microsoft VS Code\\resources\\app\\extensions\\julia"
Feb 12 12:50:14.789 INFO Get file handle: "C:\\Users\\OSJ\\AppData\\Local\\Programs\\Microsoft VS Code\\resources\\app\\extensions\\julia\\language-configuration.json" (attempt 1)
Feb 12 12:50:14.789 INFO Get file handle: "C:\\Users\\OSJ\\AppData\\Local\\Programs\\Microsoft VS Code\\resources\\app\\extensions\\julia\\package.json" (attempt 1)
Feb 12 12:50:14.789 INFO Get file handle: "C:\\Users\\OSJ\\AppData\\Local\\Programs\\Microsoft VS Code\\resources\\app\\extensions\\julia\\package.nls.json" (attempt 1)
Feb 12 12:50:14.789 INFO Reading directory: "C:\\Users\\OSJ\\AppData\\Local\\Programs\\Microsoft VS Code\\resources\\app\\extensions\\latex"
Feb 12 12:50:14.789 INFO Get file handle: "C:\\Users\\OSJ\\AppData\\Local\\Programs\\Microsoft VS Code\\resources\\app\\extensions\\latex\\cpp-bailout-license.txt" (attempt 1)
Feb 12 12:50:14.790 INFO Get file handle: "C:\\Users\\OSJ\\AppData\\Local\\Programs\\Microsoft VS Code\\resources\\app\\extensions\\latex\\latex-cpp-embedded-language-configuration.json" (attempt 1)
Feb 12 12:50:14.790 INFO Get file handle: "C:\\Users\\OSJ\\AppData\\Local\\Programs\\Microsoft VS Code\\resources\\app\\extensions\\latex\\latex-language-configuration.json" (attempt 1)
Feb 12 12:50:14.790 INFO Get file handle: "C:\\Users\\OSJ\\AppData\\Local\\Programs\\Microsoft VS Code\\resources\\app\\extensions\\latex\\markdown-latex-combined-language-configuration.json" (attempt 1)
Feb 12 12:50:14.790 INFO Get file handle: "C:\\Users\\OSJ\\AppData\\Local\\Programs\\Microsoft VS Code\\resources\\app\\extensions\\latex\\markdown-latex-combined-license.txt" (attempt 1)
Feb 12 12:50:14.790 INFO Get file handle: "C:\\Users\\OSJ\\AppData\\Local\\Programs\\Microsoft VS Code\\resources\\app\\extensions\\latex\\package.json" (attempt 1)
Feb 12 12:50:14.790 INFO Get file handle: "C:\\Users\\OSJ\\AppData\\Local\\Programs\\Microsoft VS Code\\resources\\app\\extensions\\latex\\package.nls.json" (attempt 1)
Feb 12 12:50:14.790 INFO Reading directory: "C:\\Users\\OSJ\\AppData\\Local\\Programs\\Microsoft VS Code\\resources\\app\\extensions\\less"
Feb 12 12:50:14.790 INFO Get file handle: "C:\\Users\\OSJ\\AppData\\Local\\Programs\\Microsoft VS Code\\resources\\app\\extensions\\less\\language-configuration.json" (attempt 1)
Feb 12 12:50:14.790 INFO Get file handle: "C:\\Users\\OSJ\\AppData\\Local\\Programs\\Microsoft VS Code\\resources\\app\\extensions\\less\\package.json" (attempt 1)
Feb 12 12:50:14.790 INFO Get file handle: "C:\\Users\\OSJ\\AppData\\Local\\Programs\\Microsoft VS Code\\resources\\app\\extensions\\less\\package.nls.json" (attempt 1)
Feb 12 12:50:14.790 INFO Reading directory: "C:\\Users\\OSJ\\AppData\\Local\\Programs\\Microsoft VS Code\\resources\\app\\extensions\\log"
Feb 12 12:50:14.790 INFO Get file handle: "C:\\Users\\OSJ\\AppData\\Local\\Programs\\Microsoft VS Code\\resources\\app\\extensions\\log\\package.json" (attempt 1)
Feb 12 12:50:14.790 INFO Get file handle: "C:\\Users\\OSJ\\AppData\\Local\\Programs\\Microsoft VS Code\\resources\\app\\extensions\\log\\package.nls.json" (attempt 1)
Feb 12 12:50:14.790 INFO Reading directory: "C:\\Users\\OSJ\\AppData\\Local\\Programs\\Microsoft VS Code\\resources\\app\\extensions\\lua"
Feb 12 12:50:14.790 INFO Get file handle: "C:\\Users\\OSJ\\AppData\\Local\\Programs\\Microsoft VS Code\\resources\\app\\extensions\\lua\\language-configuration.json" (attempt 1)
Feb 12 12:50:14.791 INFO Get file handle: "C:\\Users\\OSJ\\AppData\\Local\\Programs\\Microsoft VS Code\\resources\\app\\extensions\\lua\\package.json" (attempt 1)
Feb 12 12:50:14.791 INFO Get file handle: "C:\\Users\\OSJ\\AppData\\Local\\Programs\\Microsoft VS Code\\resources\\app\\extensions\\lua\\package.nls.json" (attempt 1)
Feb 12 12:50:14.791 INFO Reading directory: "C:\\Users\\OSJ\\AppData\\Local\\Programs\\Microsoft VS Code\\resources\\app\\extensions\\make"
Feb 12 12:50:14.791 INFO Get file handle: "C:\\Users\\OSJ\\AppData\\Local\\Programs\\Microsoft VS Code\\resources\\app\\extensions\\make\\language-configuration.json" (attempt 1)
Feb 12 12:50:14.791 INFO Get file handle: "C:\\Users\\OSJ\\AppData\\Local\\Programs\\Microsoft VS Code\\resources\\app\\extensions\\make\\package.json" (attempt 1)
Feb 12 12:50:14.791 INFO Get file handle: "C:\\Users\\OSJ\\AppData\\Local\\Programs\\Microsoft VS Code\\resources\\app\\extensions\\make\\package.nls.json" (attempt 1)
Feb 12 12:50:14.791 INFO Reading directory: "C:\\Users\\OSJ\\AppData\\Local\\Programs\\Microsoft VS Code\\resources\\app\\extensions\\markdown-basics"
Feb 12 12:50:14.791 INFO Get file handle: "C:\\Users\\OSJ\\AppData\\Local\\Programs\\Microsoft VS Code\\resources\\app\\extensions\\markdown-basics\\language-configuration.json" (attempt 1)
Feb 12 12:50:14.791 INFO Get file handle: "C:\\Users\\OSJ\\AppData\\Local\\Programs\\Microsoft VS Code\\resources\\app\\extensions\\markdown-basics\\package.json" (attempt 1)
Feb 12 12:50:14.791 INFO Get file handle: "C:\\Users\\OSJ\\AppData\\Local\\Programs\\Microsoft VS Code\\resources\\app\\extensions\\markdown-basics\\package.nls.json" (attempt 1)
Feb 12 12:50:14.791 INFO Reading directory: "C:\\Users\\OSJ\\AppData\\Local\\Programs\\Microsoft VS Code\\resources\\app\\extensions\\markdown-language-features"
Feb 12 12:50:14.791 INFO Get file handle: "C:\\Users\\OSJ\\AppData\\Local\\Programs\\Microsoft VS Code\\resources\\app\\extensions\\markdown-language-features\\icon.png" (attempt 1)
Feb 12 12:50:14.791 INFO Get file handle: "C:\\Users\\OSJ\\AppData\\Local\\Programs\\Microsoft VS Code\\resources\\app\\extensions\\markdown-language-features\\package.json" (attempt 1)
Feb 12 12:50:14.791 INFO Get file handle: "C:\\Users\\OSJ\\AppData\\Local\\Programs\\Microsoft VS Code\\resources\\app\\extensions\\markdown-language-features\\package.nls.json" (attempt 1)
Feb 12 12:50:14.791 INFO Get file handle: "C:\\Users\\OSJ\\AppData\\Local\\Programs\\Microsoft VS Code\\resources\\app\\extensions\\markdown-language-features\\README.md" (attempt 1)
Feb 12 12:50:14.792 INFO Reading directory: "C:\\Users\\OSJ\\AppData\\Local\\Programs\\Microsoft VS Code\\resources\\app\\extensions\\markdown-math"
Feb 12 12:50:14.792 INFO Get file handle: "C:\\Users\\OSJ\\AppData\\Local\\Programs\\Microsoft VS Code\\resources\\app\\extensions\\markdown-math\\icon.png" (attempt 1)
Feb 12 12:50:14.792 INFO Get file handle: "C:\\Users\\OSJ\\AppData\\Local\\Programs\\Microsoft VS Code\\resources\\app\\extensions\\markdown-math\\package.json" (attempt 1)
Feb 12 12:50:14.792 INFO Get file handle: "C:\\Users\\OSJ\\AppData\\Local\\Programs\\Microsoft VS Code\\resources\\app\\extensions\\markdown-math\\package.nls.json" (attempt 1)
Feb 12 12:50:14.792 INFO Get file handle: "C:\\Users\\OSJ\\AppData\\Local\\Programs\\Microsoft VS Code\\resources\\app\\extensions\\markdown-math\\README.md" (attempt 1)
Feb 12 12:50:14.792 INFO Reading directory: "C:\\Users\\OSJ\\AppData\\Local\\Programs\\Microsoft VS Code\\resources\\app\\extensions\\media-preview"
Feb 12 12:50:14.792 INFO Get file handle: "C:\\Users\\OSJ\\AppData\\Local\\Programs\\Microsoft VS Code\\resources\\app\\extensions\\media-preview\\icon.png" (attempt 1)
Feb 12 12:50:14.792 INFO Get file handle: "C:\\Users\\OSJ\\AppData\\Local\\Programs\\Microsoft VS Code\\resources\\app\\extensions\\media-preview\\package.json" (attempt 1)
Feb 12 12:50:14.792 INFO Get file handle: "C:\\Users\\OSJ\\AppData\\Local\\Programs\\Microsoft VS Code\\resources\\app\\extensions\\media-preview\\package.nls.json" (attempt 1)
Feb 12 12:50:14.792 INFO Get file handle: "C:\\Users\\OSJ\\AppData\\Local\\Programs\\Microsoft VS Code\\resources\\app\\extensions\\media-preview\\README.md" (attempt 1)
Feb 12 12:50:14.792 INFO Reading directory: "C:\\Users\\OSJ\\AppData\\Local\\Programs\\Microsoft VS Code\\resources\\app\\extensions\\merge-conflict"
Feb 12 12:50:14.792 INFO Get file handle: "C:\\Users\\OSJ\\AppData\\Local\\Programs\\Microsoft VS Code\\resources\\app\\extensions\\merge-conflict\\package.json" (attempt 1)
Feb 12 12:50:14.792 INFO Get file handle: "C:\\Users\\OSJ\\AppData\\Local\\Programs\\Microsoft VS Code\\resources\\app\\extensions\\merge-conflict\\package.nls.json" (attempt 1)
Feb 12 12:50:14.792 INFO Get file handle: "C:\\Users\\OSJ\\AppData\\Local\\Programs\\Microsoft VS Code\\resources\\app\\extensions\\merge-conflict\\README.md" (attempt 1)
Feb 12 12:50:14.792 INFO Reading directory: "C:\\Users\\OSJ\\AppData\\Local\\Programs\\Microsoft VS Code\\resources\\app\\extensions\\microsoft-authentication"
Feb 12 12:50:14.792 INFO Get file handle: "C:\\Users\\OSJ\\AppData\\Local\\Programs\\Microsoft VS Code\\resources\\app\\extensions\\microsoft-authentication\\package.json" (attempt 1)
Feb 12 12:50:14.793 INFO Get file handle: "C:\\Users\\OSJ\\AppData\\Local\\Programs\\Microsoft VS Code\\resources\\app\\extensions\\microsoft-authentication\\package.nls.json" (attempt 1)
Feb 12 12:50:14.793 INFO Get file handle: "C:\\Users\\OSJ\\AppData\\Local\\Programs\\Microsoft VS Code\\resources\\app\\extensions\\microsoft-authentication\\README.md" (attempt 1)
Feb 12 12:50:14.793 INFO Reading directory: "C:\\Users\\OSJ\\AppData\\Local\\Programs\\Microsoft VS Code\\resources\\app\\extensions\\ms-vscode-remote.remote-wsl-recommender"
Feb 12 12:50:14.793 INFO Get file handle: "C:\\Users\\OSJ\\AppData\\Local\\Programs\\Microsoft VS Code\\resources\\app\\extensions\\ms-vscode-remote.remote-wsl-recommender\\CHANGELOG.md" (attempt 1)
Feb 12 12:50:14.793 INFO Get file handle: "C:\\Users\\OSJ\\AppData\\Local\\Programs\\Microsoft VS Code\\resources\\app\\extensions\\ms-vscode-remote.remote-wsl-recommender\\LICENSE.txt" (attempt 1)
Feb 12 12:50:14.793 INFO Get file handle: "C:\\Users\\OSJ\\AppData\\Local\\Programs\\Microsoft VS Code\\resources\\app\\extensions\\ms-vscode-remote.remote-wsl-recommender\\package.json" (attempt 1)
Feb 12 12:50:14.793 INFO Get file handle: "C:\\Users\\OSJ\\AppData\\Local\\Programs\\Microsoft VS Code\\resources\\app\\extensions\\ms-vscode-remote.remote-wsl-recommender\\package.nls.cs.json" (attempt 1)
Feb 12 12:50:14.793 INFO Get file handle: "C:\\Users\\OSJ\\AppData\\Local\\Programs\\Microsoft VS Code\\resources\\app\\extensions\\ms-vscode-remote.remote-wsl-recommender\\package.nls.de.json" (attempt 1)
Feb 12 12:50:14.793 INFO Get file handle: "C:\\Users\\OSJ\\AppData\\Local\\Programs\\Microsoft VS Code\\resources\\app\\extensions\\ms-vscode-remote.remote-wsl-recommender\\package.nls.es.json" (attempt 1)
Feb 12 12:50:14.793 INFO Get file handle: "C:\\Users\\OSJ\\AppData\\Local\\Programs\\Microsoft VS Code\\resources\\app\\extensions\\ms-vscode-remote.remote-wsl-recommender\\package.nls.fr.json" (attempt 1)
Feb 12 12:50:14.793 INFO Get file handle: "C:\\Users\\OSJ\\AppData\\Local\\Programs\\Microsoft VS Code\\resources\\app\\extensions\\ms-vscode-remote.remote-wsl-recommender\\package.nls.it.json" (attempt 1)
Feb 12 12:50:14.793 INFO Get file handle: "C:\\Users\\OSJ\\AppData\\Local\\Programs\\Microsoft VS Code\\resources\\app\\extensions\\ms-vscode-remote.remote-wsl-recommender\\package.nls.ja.json" (attempt 1)
Feb 12 12:50:14.794 INFO Get file handle: "C:\\Users\\OSJ\\AppData\\Local\\Programs\\Microsoft VS Code\\resources\\app\\extensions\\ms-vscode-remote.remote-wsl-recommender\\package.nls.json" (attempt 1)
Feb 12 12:50:14.794 INFO Get file handle: "C:\\Users\\OSJ\\AppData\\Local\\Programs\\Microsoft VS Code\\resources\\app\\extensions\\ms-vscode-remote.remote-wsl-recommender\\package.nls.ko.json" (attempt 1)
Feb 12 12:50:14.794 INFO Get file handle: "C:\\Users\\OSJ\\AppData\\Local\\Programs\\Microsoft VS Code\\resources\\app\\extensions\\ms-vscode-remote.remote-wsl-recommender\\package.nls.pl.json" (attempt 1)
Feb 12 12:50:14.794 INFO Get file handle: "C:\\Users\\OSJ\\AppData\\Local\\Programs\\Microsoft VS Code\\resources\\app\\extensions\\ms-vscode-remote.remote-wsl-recommender\\package.nls.pt-br.json" (attempt 1)
Feb 12 12:50:14.794 INFO Get file handle: "C:\\Users\\OSJ\\AppData\\Local\\Programs\\Microsoft VS Code\\resources\\app\\extensions\\ms-vscode-remote.remote-wsl-recommender\\package.nls.qps-ploc.json" (attempt 1)
Feb 12 12:50:14.794 INFO Get file handle: "C:\\Users\\OSJ\\AppData\\Local\\Programs\\Microsoft VS Code\\resources\\app\\extensions\\ms-vscode-remote.remote-wsl-recommender\\package.nls.ru.json" (attempt 1)
Feb 12 12:50:14.794 INFO Get file handle: "C:\\Users\\OSJ\\AppData\\Local\\Programs\\Microsoft VS Code\\resources\\app\\extensions\\ms-vscode-remote.remote-wsl-recommender\\package.nls.tr.json" (attempt 1)
Feb 12 12:50:14.794 INFO Get file handle: "C:\\Users\\OSJ\\AppData\\Local\\Programs\\Microsoft VS Code\\resources\\app\\extensions\\ms-vscode-remote.remote-wsl-recommender\\package.nls.zh-cn.json" (attempt 1)
Feb 12 12:50:14.794 INFO Get file handle: "C:\\Users\\OSJ\\AppData\\Local\\Programs\\Microsoft VS Code\\resources\\app\\extensions\\ms-vscode-remote.remote-wsl-recommender\\package.nls.zh-tw.json" (attempt 1)
Feb 12 12:50:14.794 INFO Get file handle: "C:\\Users\\OSJ\\AppData\\Local\\Programs\\Microsoft VS Code\\resources\\app\\extensions\\ms-vscode-remote.remote-wsl-recommender\\README.md" (attempt 1)
Feb 12 12:50:14.794 INFO Get file handle: "C:\\Users\\OSJ\\AppData\\Local\\Programs\\Microsoft VS Code\\resources\\app\\extensions\\ms-vscode-remote.remote-wsl-recommender\\SECURITY.md" (attempt 1)
Feb 12 12:50:14.795 INFO Get file handle: "C:\\Users\\OSJ\\AppData\\Local\\Programs\\Microsoft VS Code\\resources\\app\\extensions\\ms-vscode-remote.remote-wsl-recommender\\telemetry.json" (attempt 1)
Feb 12 12:50:14.795 INFO Get file handle: "C:\\Users\\OSJ\\AppData\\Local\\Programs\\Microsoft VS Code\\resources\\app\\extensions\\ms-vscode-remote.remote-wsl-recommender\\ThirdPartyNotices.txt" (attempt 1)
Feb 12 12:50:14.795 INFO Reading directory: "C:\\Users\\OSJ\\AppData\\Local\\Programs\\Microsoft VS Code\\resources\\app\\extensions\\ms-vscode.js-debug"
Feb 12 12:50:14.795 INFO Get file handle: "C:\\Users\\OSJ\\AppData\\Local\\Programs\\Microsoft VS Code\\resources\\app\\extensions\\ms-vscode.js-debug\\LICENSE.txt" (attempt 1)
Feb 12 12:50:14.795 INFO Get file handle: "C:\\Users\\OSJ\\AppData\\Local\\Programs\\Microsoft VS Code\\resources\\app\\extensions\\ms-vscode.js-debug\\package.json" (attempt 1)
Feb 12 12:50:14.795 INFO Get file handle: "C:\\Users\\OSJ\\AppData\\Local\\Programs\\Microsoft VS Code\\resources\\app\\extensions\\ms-vscode.js-debug\\package.nls.json" (attempt 1)
Feb 12 12:50:14.795 INFO Get file handle: "C:\\Users\\OSJ\\AppData\\Local\\Programs\\Microsoft VS Code\\resources\\app\\extensions\\ms-vscode.js-debug\\README.md" (attempt 1)
Feb 12 12:50:14.795 INFO Get file handle: "C:\\Users\\OSJ\\AppData\\Local\\Programs\\Microsoft VS Code\\resources\\app\\extensions\\ms-vscode.js-debug\\ThirdPartyNotices.txt" (attempt 1)
Feb 12 12:50:14.795 INFO Reading directory: "C:\\Users\\OSJ\\AppData\\Local\\Programs\\Microsoft VS Code\\resources\\app\\extensions\\ms-vscode.js-debug-companion"
Feb 12 12:50:14.795 INFO Get file handle: "C:\\Users\\OSJ\\AppData\\Local\\Programs\\Microsoft VS Code\\resources\\app\\extensions\\ms-vscode.js-debug-companion\\ci.yml" (attempt 1)
Feb 12 12:50:14.796 INFO Get file handle: "C:\\Users\\OSJ\\AppData\\Local\\Programs\\Microsoft VS Code\\resources\\app\\extensions\\ms-vscode.js-debug-companion\\LICENSE.txt" (attempt 1)
Feb 12 12:50:14.796 INFO Get file handle: "C:\\Users\\OSJ\\AppData\\Local\\Programs\\Microsoft VS Code\\resources\\app\\extensions\\ms-vscode.js-debug-companion\\package.json" (attempt 1)
Feb 12 12:50:14.796 INFO Get file handle: "C:\\Users\\OSJ\\AppData\\Local\\Programs\\Microsoft VS Code\\resources\\app\\extensions\\ms-vscode.js-debug-companion\\README.md" (attempt 1)
Feb 12 12:50:14.796 INFO Get file handle: "C:\\Users\\OSJ\\AppData\\Local\\Programs\\Microsoft VS Code\\resources\\app\\extensions\\ms-vscode.js-debug-companion\\SECURITY.md" (attempt 1)
Feb 12 12:50:14.796 INFO Get file handle: "C:\\Users\\OSJ\\AppData\\Local\\Programs\\Microsoft VS Code\\resources\\app\\extensions\\ms-vscode.js-debug-companion\\ThirdPartyNotices.txt" (attempt 1)
Feb 12 12:50:14.796 INFO Reading directory: "C:\\Users\\OSJ\\AppData\\Local\\Programs\\Microsoft VS Code\\resources\\app\\extensions\\ms-vscode.vscode-js-profile-table"
Feb 12 12:50:14.796 INFO Get file handle: "C:\\Users\\OSJ\\AppData\\Local\\Programs\\Microsoft VS Code\\resources\\app\\extensions\\ms-vscode.vscode-js-profile-table\\ci.yml" (attempt 1)
Feb 12 12:50:14.796 INFO Get file handle: "C:\\Users\\OSJ\\AppData\\Local\\Programs\\Microsoft VS Code\\resources\\app\\extensions\\ms-vscode.vscode-js-profile-table\\package.json" (attempt 1)
Feb 12 12:50:14.796 INFO Get file handle: "C:\\Users\\OSJ\\AppData\\Local\\Programs\\Microsoft VS Code\\resources\\app\\extensions\\ms-vscode.vscode-js-profile-table\\README.md" (attempt 1)
Feb 12 12:50:14.796 INFO Get file handle: "C:\\Users\\OSJ\\AppData\\Local\\Programs\\Microsoft VS Code\\resources\\app\\extensions\\ms-vscode.vscode-js-profile-table\\ThirdPartyNotices.txt" (attempt 1)
Feb 12 12:50:14.796 INFO Get file handle: "C:\\Users\\OSJ\\AppData\\Local\\Programs\\Microsoft VS Code\\resources\\app\\extensions\\ms-vscode.vscode-js-profile-table\\tsconfig.browser.json" (attempt 1)
Feb 12 12:50:14.796 INFO Get file handle: "C:\\Users\\OSJ\\AppData\\Local\\Programs\\Microsoft VS Code\\resources\\app\\extensions\\ms-vscode.vscode-js-profile-table\\webpack.cpu-client.js" (attempt 1)
Feb 12 12:50:14.797 INFO Get file handle: "C:\\Users\\OSJ\\AppData\\Local\\Programs\\Microsoft VS Code\\resources\\app\\extensions\\ms-vscode.vscode-js-profile-table\\webpack.extension.js" (attempt 1)
Feb 12 12:50:14.797 INFO Get file handle: "C:\\Users\\OSJ\\AppData\\Local\\Programs\\Microsoft VS Code\\resources\\app\\extensions\\ms-vscode.vscode-js-profile-table\\webpack.heap-client.js" (attempt 1)
Feb 12 12:50:14.797 INFO Reading directory: "C:\\Users\\OSJ\\AppData\\Local\\Programs\\Microsoft VS Code\\resources\\app\\extensions\\node_modules"
Feb 12 12:50:14.797 INFO Reading directory: "C:\\Users\\OSJ\\AppData\\Local\\Programs\\Microsoft VS Code\\resources\\app\\extensions\\notebook-renderers"
Feb 12 12:50:14.797 INFO Get file handle: "C:\\Users\\OSJ\\AppData\\Local\\Programs\\Microsoft VS Code\\resources\\app\\extensions\\notebook-renderers\\package.json" (attempt 1)
Feb 12 12:50:14.797 INFO Get file handle: "C:\\Users\\OSJ\\AppData\\Local\\Programs\\Microsoft VS Code\\resources\\app\\extensions\\notebook-renderers\\package.nls.json" (attempt 1)
Feb 12 12:50:14.797 INFO Get file handle: "C:\\Users\\OSJ\\AppData\\Local\\Programs\\Microsoft VS Code\\resources\\app\\extensions\\notebook-renderers\\README.md" (attempt 1)
Feb 12 12:50:14.797 INFO Reading directory: "C:\\Users\\OSJ\\AppData\\Local\\Programs\\Microsoft VS Code\\resources\\app\\extensions\\npm"
Feb 12 12:50:14.797 INFO Get file handle: "C:\\Users\\OSJ\\AppData\\Local\\Programs\\Microsoft VS Code\\resources\\app\\extensions\\npm\\package.json" (attempt 1)
Feb 12 12:50:14.797 INFO Get file handle: "C:\\Users\\OSJ\\AppData\\Local\\Programs\\Microsoft VS Code\\resources\\app\\extensions\\npm\\package.nls.json" (attempt 1)
Feb 12 12:50:14.797 INFO Get file handle: "C:\\Users\\OSJ\\AppData\\Local\\Programs\\Microsoft VS Code\\resources\\app\\extensions\\npm\\README.md" (attempt 1)
Feb 12 12:50:14.797 INFO Reading directory: "C:\\Users\\OSJ\\AppData\\Local\\Programs\\Microsoft VS Code\\resources\\app\\extensions\\objective-c"
Feb 12 12:50:14.797 INFO Get file handle: "C:\\Users\\OSJ\\AppData\\Local\\Programs\\Microsoft VS Code\\resources\\app\\extensions\\objective-c\\language-configuration.json" (attempt 1)
Feb 12 12:50:14.797 INFO Get file handle: "C:\\Users\\OSJ\\AppData\\Local\\Programs\\Microsoft VS Code\\resources\\app\\extensions\\objective-c\\package.json" (attempt 1)
Feb 12 12:50:14.797 INFO Get file handle: "C:\\Users\\OSJ\\AppData\\Local\\Programs\\Microsoft VS Code\\resources\\app\\extensions\\objective-c\\package.nls.json" (attempt 1)
Feb 12 12:50:14.797 INFO Reading directory: "C:\\Users\\OSJ\\AppData\\Local\\Programs\\Microsoft VS Code\\resources\\app\\extensions\\perl"
Feb 12 12:50:14.797 INFO Get file handle: "C:\\Users\\OSJ\\AppData\\Local\\Programs\\Microsoft VS Code\\resources\\app\\extensions\\perl\\package.json" (attempt 1)
Feb 12 12:50:14.797 INFO Get file handle: "C:\\Users\\OSJ\\AppData\\Local\\Programs\\Microsoft VS Code\\resources\\app\\extensions\\perl\\package.nls.json" (attempt 1)
Feb 12 12:50:14.797 INFO Get file handle: "C:\\Users\\OSJ\\AppData\\Local\\Programs\\Microsoft VS Code\\resources\\app\\extensions\\perl\\perl.language-configuration.json" (attempt 1)
Feb 12 12:50:14.798 INFO Get file handle: "C:\\Users\\OSJ\\AppData\\Local\\Programs\\Microsoft VS Code\\resources\\app\\extensions\\perl\\perl6.language-configuration.json" (attempt 1)
Feb 12 12:50:14.798 INFO Reading directory: "C:\\Users\\OSJ\\AppData\\Local\\Programs\\Microsoft VS Code\\resources\\app\\extensions\\php"
Feb 12 12:50:14.798 INFO Get file handle: "C:\\Users\\OSJ\\AppData\\Local\\Programs\\Microsoft VS Code\\resources\\app\\extensions\\php\\language-configuration.json" (attempt 1)
Feb 12 12:50:14.798 INFO Get file handle: "C:\\Users\\OSJ\\AppData\\Local\\Programs\\Microsoft VS Code\\resources\\app\\extensions\\php\\package.json" (attempt 1)
Feb 12 12:50:14.798 INFO Get file handle: "C:\\Users\\OSJ\\AppData\\Local\\Programs\\Microsoft VS Code\\resources\\app\\extensions\\php\\package.nls.json" (attempt 1)
Feb 12 12:50:14.798 INFO Reading directory: "C:\\Users\\OSJ\\AppData\\Local\\Programs\\Microsoft VS Code\\resources\\app\\extensions\\php-language-features"
Feb 12 12:50:14.798 INFO Get file handle: "C:\\Users\\OSJ\\AppData\\Local\\Programs\\Microsoft VS Code\\resources\\app\\extensions\\php-language-features\\package.json" (attempt 1)
Feb 12 12:50:14.798 INFO Get file handle: "C:\\Users\\OSJ\\AppData\\Local\\Programs\\Microsoft VS Code\\resources\\app\\extensions\\php-language-features\\package.nls.json" (attempt 1)
Feb 12 12:50:14.798 INFO Get file handle: "C:\\Users\\OSJ\\AppData\\Local\\Programs\\Microsoft VS Code\\resources\\app\\extensions\\php-language-features\\README.md" (attempt 1)
Feb 12 12:50:14.798 INFO Reading directory: "C:\\Users\\OSJ\\AppData\\Local\\Programs\\Microsoft VS Code\\resources\\app\\extensions\\powershell"
Feb 12 12:50:14.798 INFO Get file handle: "C:\\Users\\OSJ\\AppData\\Local\\Programs\\Microsoft VS Code\\resources\\app\\extensions\\powershell\\language-configuration.json" (attempt 1)
Feb 12 12:50:14.798 INFO Get file handle: "C:\\Users\\OSJ\\AppData\\Local\\Programs\\Microsoft VS Code\\resources\\app\\extensions\\powershell\\package.json" (attempt 1)
Feb 12 12:50:14.798 INFO Get file handle: "C:\\Users\\OSJ\\AppData\\Local\\Programs\\Microsoft VS Code\\resources\\app\\extensions\\powershell\\package.nls.json" (attempt 1)
Feb 12 12:50:14.798 INFO Reading directory: "C:\\Users\\OSJ\\AppData\\Local\\Programs\\Microsoft VS Code\\resources\\app\\extensions\\pug"
Feb 12 12:50:14.798 INFO Get file handle: "C:\\Users\\OSJ\\AppData\\Local\\Programs\\Microsoft VS Code\\resources\\app\\extensions\\pug\\language-configuration.json" (attempt 1)
Feb 12 12:50:14.798 INFO Get file handle: "C:\\Users\\OSJ\\AppData\\Local\\Programs\\Microsoft VS Code\\resources\\app\\extensions\\pug\\package.json" (attempt 1)
Feb 12 12:50:14.798 INFO Get file handle: "C:\\Users\\OSJ\\AppData\\Local\\Programs\\Microsoft VS Code\\resources\\app\\extensions\\pug\\package.nls.json" (attempt 1)
Feb 12 12:50:14.798 INFO Reading directory: "C:\\Users\\OSJ\\AppData\\Local\\Programs\\Microsoft VS Code\\resources\\app\\extensions\\python"
Feb 12 12:50:14.799 INFO Get file handle: "C:\\Users\\OSJ\\AppData\\Local\\Programs\\Microsoft VS Code\\resources\\app\\extensions\\python\\language-configuration.json" (attempt 1)
Feb 12 12:50:14.799 INFO Get file handle: "C:\\Users\\OSJ\\AppData\\Local\\Programs\\Microsoft VS Code\\resources\\app\\extensions\\python\\package.json" (attempt 1)
Feb 12 12:50:14.799 INFO Get file handle: "C:\\Users\\OSJ\\AppData\\Local\\Programs\\Microsoft VS Code\\resources\\app\\extensions\\python\\package.nls.json" (attempt 1)
Feb 12 12:50:14.799 INFO Reading directory: "C:\\Users\\OSJ\\AppData\\Local\\Programs\\Microsoft VS Code\\resources\\app\\extensions\\r"
Feb 12 12:50:14.799 INFO Get file handle: "C:\\Users\\OSJ\\AppData\\Local\\Programs\\Microsoft VS Code\\resources\\app\\extensions\\r\\language-configuration.json" (attempt 1)
Feb 12 12:50:14.799 INFO Get file handle: "C:\\Users\\OSJ\\AppData\\Local\\Programs\\Microsoft VS Code\\resources\\app\\extensions\\r\\package.json" (attempt 1)
Feb 12 12:50:14.799 INFO Get file handle: "C:\\Users\\OSJ\\AppData\\Local\\Programs\\Microsoft VS Code\\resources\\app\\extensions\\r\\package.nls.json" (attempt 1)
Feb 12 12:50:14.799 INFO Reading directory: "C:\\Users\\OSJ\\AppData\\Local\\Programs\\Microsoft VS Code\\resources\\app\\extensions\\razor"
Feb 12 12:50:14.799 INFO Get file handle: "C:\\Users\\OSJ\\AppData\\Local\\Programs\\Microsoft VS Code\\resources\\app\\extensions\\razor\\language-configuration.json" (attempt 1)
Feb 12 12:50:14.799 INFO Get file handle: "C:\\Users\\OSJ\\AppData\\Local\\Programs\\Microsoft VS Code\\resources\\app\\extensions\\razor\\package.json" (attempt 1)
Feb 12 12:50:14.799 INFO Get file handle: "C:\\Users\\OSJ\\AppData\\Local\\Programs\\Microsoft VS Code\\resources\\app\\extensions\\razor\\package.nls.json" (attempt 1)
Feb 12 12:50:14.799 INFO Reading directory: "C:\\Users\\OSJ\\AppData\\Local\\Programs\\Microsoft VS Code\\resources\\app\\extensions\\references-view"
Feb 12 12:50:14.799 INFO Get file handle: "C:\\Users\\OSJ\\AppData\\Local\\Programs\\Microsoft VS Code\\resources\\app\\extensions\\references-view\\package.json" (attempt 1)
Feb 12 12:50:14.799 INFO Get file handle: "C:\\Users\\OSJ\\AppData\\Local\\Programs\\Microsoft VS Code\\resources\\app\\extensions\\references-view\\package.nls.json" (attempt 1)
Feb 12 12:50:14.799 INFO Get file handle: "C:\\Users\\OSJ\\AppData\\Local\\Programs\\Microsoft VS Code\\resources\\app\\extensions\\references-view\\README.md" (attempt 1)
Feb 12 12:50:14.799 INFO Reading directory: "C:\\Users\\OSJ\\AppData\\Local\\Programs\\Microsoft VS Code\\resources\\app\\extensions\\restructuredtext"
Feb 12 12:50:14.799 INFO Get file handle: "C:\\Users\\OSJ\\AppData\\Local\\Programs\\Microsoft VS Code\\resources\\app\\extensions\\restructuredtext\\language-configuration.json" (attempt 1)
Feb 12 12:50:14.799 INFO Get file handle: "C:\\Users\\OSJ\\AppData\\Local\\Programs\\Microsoft VS Code\\resources\\app\\extensions\\restructuredtext\\package.json" (attempt 1)
Feb 12 12:50:14.799 INFO Get file handle: "C:\\Users\\OSJ\\AppData\\Local\\Programs\\Microsoft VS Code\\resources\\app\\extensions\\restructuredtext\\package.nls.json" (attempt 1)
Feb 12 12:50:14.800 INFO Reading directory: "C:\\Users\\OSJ\\AppData\\Local\\Programs\\Microsoft VS Code\\resources\\app\\extensions\\ruby"
Feb 12 12:50:14.800 INFO Get file handle: "C:\\Users\\OSJ\\AppData\\Local\\Programs\\Microsoft VS Code\\resources\\app\\extensions\\ruby\\language-configuration.json" (attempt 1)
Feb 12 12:50:14.800 INFO Get file handle: "C:\\Users\\OSJ\\AppData\\Local\\Programs\\Microsoft VS Code\\resources\\app\\extensions\\ruby\\package.json" (attempt 1)
Feb 12 12:50:14.800 INFO Get file handle: "C:\\Users\\OSJ\\AppData\\Local\\Programs\\Microsoft VS Code\\resources\\app\\extensions\\ruby\\package.nls.json" (attempt 1)
Feb 12 12:50:14.800 INFO Reading directory: "C:\\Users\\OSJ\\AppData\\Local\\Programs\\Microsoft VS Code\\resources\\app\\extensions\\rust"
Feb 12 12:50:14.800 INFO Get file handle: "C:\\Users\\OSJ\\AppData\\Local\\Programs\\Microsoft VS Code\\resources\\app\\extensions\\rust\\language-configuration.json" (attempt 1)
Feb 12 12:50:14.800 INFO Get file handle: "C:\\Users\\OSJ\\AppData\\Local\\Programs\\Microsoft VS Code\\resources\\app\\extensions\\rust\\package.json" (attempt 1)
Feb 12 12:50:14.800 INFO Get file handle: "C:\\Users\\OSJ\\AppData\\Local\\Programs\\Microsoft VS Code\\resources\\app\\extensions\\rust\\package.nls.json" (attempt 1)
Feb 12 12:50:14.800 INFO Reading directory: "C:\\Users\\OSJ\\AppData\\Local\\Programs\\Microsoft VS Code\\resources\\app\\extensions\\scss"
Feb 12 12:50:14.800 INFO Get file handle: "C:\\Users\\OSJ\\AppData\\Local\\Programs\\Microsoft VS Code\\resources\\app\\extensions\\scss\\language-configuration.json" (attempt 1)
Feb 12 12:50:14.800 INFO Get file handle: "C:\\Users\\OSJ\\AppData\\Local\\Programs\\Microsoft VS Code\\resources\\app\\extensions\\scss\\package.json" (attempt 1)
Feb 12 12:50:14.800 INFO Get file handle: "C:\\Users\\OSJ\\AppData\\Local\\Programs\\Microsoft VS Code\\resources\\app\\extensions\\scss\\package.nls.json" (attempt 1)
Feb 12 12:50:14.800 INFO Reading directory: "C:\\Users\\OSJ\\AppData\\Local\\Programs\\Microsoft VS Code\\resources\\app\\extensions\\search-result"
Feb 12 12:50:14.800 INFO Get file handle: "C:\\Users\\OSJ\\AppData\\Local\\Programs\\Microsoft VS Code\\resources\\app\\extensions\\search-result\\package.json" (attempt 1)
Feb 12 12:50:14.800 INFO Get file handle: "C:\\Users\\OSJ\\AppData\\Local\\Programs\\Microsoft VS Code\\resources\\app\\extensions\\search-result\\package.nls.json" (attempt 1)
Feb 12 12:50:14.800 INFO Get file handle: "C:\\Users\\OSJ\\AppData\\Local\\Programs\\Microsoft VS Code\\resources\\app\\extensions\\search-result\\README.md" (attempt 1)
Feb 12 12:50:14.800 INFO Reading directory: "C:\\Users\\OSJ\\AppData\\Local\\Programs\\Microsoft VS Code\\resources\\app\\extensions\\shaderlab"
Feb 12 12:50:14.800 INFO Get file handle: "C:\\Users\\OSJ\\AppData\\Local\\Programs\\Microsoft VS Code\\resources\\app\\extensions\\shaderlab\\language-configuration.json" (attempt 1)
Feb 12 12:50:14.800 INFO Get file handle: "C:\\Users\\OSJ\\AppData\\Local\\Programs\\Microsoft VS Code\\resources\\app\\extensions\\shaderlab\\package.json" (attempt 1)
Feb 12 12:50:14.800 INFO Get file handle: "C:\\Users\\OSJ\\AppData\\Local\\Programs\\Microsoft VS Code\\resources\\app\\extensions\\shaderlab\\package.nls.json" (attempt 1)
Feb 12 12:50:14.800 INFO Reading directory: "C:\\Users\\OSJ\\AppData\\Local\\Programs\\Microsoft VS Code\\resources\\app\\extensions\\shellscript"
Feb 12 12:50:14.801 INFO Get file handle: "C:\\Users\\OSJ\\AppData\\Local\\Programs\\Microsoft VS Code\\resources\\app\\extensions\\shellscript\\language-configuration.json" (attempt 1)
Feb 12 12:50:14.801 INFO Get file handle: "C:\\Users\\OSJ\\AppData\\Local\\Programs\\Microsoft VS Code\\resources\\app\\extensions\\shellscript\\package.json" (attempt 1)
Feb 12 12:50:14.801 INFO Get file handle: "C:\\Users\\OSJ\\AppData\\Local\\Programs\\Microsoft VS Code\\resources\\app\\extensions\\shellscript\\package.nls.json" (attempt 1)
Feb 12 12:50:14.801 INFO Reading directory: "C:\\Users\\OSJ\\AppData\\Local\\Programs\\Microsoft VS Code\\resources\\app\\extensions\\simple-browser"
Feb 12 12:50:14.801 INFO Get file handle: "C:\\Users\\OSJ\\AppData\\Local\\Programs\\Microsoft VS Code\\resources\\app\\extensions\\simple-browser\\package.json" (attempt 1)
Feb 12 12:50:14.801 INFO Get file handle: "C:\\Users\\OSJ\\AppData\\Local\\Programs\\Microsoft VS Code\\resources\\app\\extensions\\simple-browser\\package.nls.json" (attempt 1)
Feb 12 12:50:14.801 INFO Get file handle: "C:\\Users\\OSJ\\AppData\\Local\\Programs\\Microsoft VS Code\\resources\\app\\extensions\\simple-browser\\README.md" (attempt 1)
Feb 12 12:50:14.801 INFO Reading directory: "C:\\Users\\OSJ\\AppData\\Local\\Programs\\Microsoft VS Code\\resources\\app\\extensions\\sql"
Feb 12 12:50:14.801 INFO Get file handle: "C:\\Users\\OSJ\\AppData\\Local\\Programs\\Microsoft VS Code\\resources\\app\\extensions\\sql\\language-configuration.json" (attempt 1)
Feb 12 12:50:14.801 INFO Get file handle: "C:\\Users\\OSJ\\AppData\\Local\\Programs\\Microsoft VS Code\\resources\\app\\extensions\\sql\\package.json" (attempt 1)
Feb 12 12:50:14.801 INFO Get file handle: "C:\\Users\\OSJ\\AppData\\Local\\Programs\\Microsoft VS Code\\resources\\app\\extensions\\sql\\package.nls.json" (attempt 1)
Feb 12 12:50:14.801 INFO Reading directory: "C:\\Users\\OSJ\\AppData\\Local\\Programs\\Microsoft VS Code\\resources\\app\\extensions\\swift"
Feb 12 12:50:14.801 INFO Get file handle: "C:\\Users\\OSJ\\AppData\\Local\\Programs\\Microsoft VS Code\\resources\\app\\extensions\\swift\\language-configuration.json" (attempt 1)
Feb 12 12:50:14.801 INFO Get file handle: "C:\\Users\\OSJ\\AppData\\Local\\Programs\\Microsoft VS Code\\resources\\app\\extensions\\swift\\LICENSE.md" (attempt 1)
Feb 12 12:50:14.801 INFO Get file handle: "C:\\Users\\OSJ\\AppData\\Local\\Programs\\Microsoft VS Code\\resources\\app\\extensions\\swift\\package.json" (attempt 1)
Feb 12 12:50:14.802 INFO Get file handle: "C:\\Users\\OSJ\\AppData\\Local\\Programs\\Microsoft VS Code\\resources\\app\\extensions\\swift\\package.nls.json" (attempt 1)
Feb 12 12:50:14.802 INFO Reading directory: "C:\\Users\\OSJ\\AppData\\Local\\Programs\\Microsoft VS Code\\resources\\app\\extensions\\theme-abyss"
Feb 12 12:50:14.802 INFO Get file handle: "C:\\Users\\OSJ\\AppData\\Local\\Programs\\Microsoft VS Code\\resources\\app\\extensions\\theme-abyss\\package.json" (attempt 1)
Feb 12 12:50:14.802 INFO Get file handle: "C:\\Users\\OSJ\\AppData\\Local\\Programs\\Microsoft VS Code\\resources\\app\\extensions\\theme-abyss\\package.nls.json" (attempt 1)
Feb 12 12:50:14.802 INFO Reading directory: "C:\\Users\\OSJ\\AppData\\Local\\Programs\\Microsoft VS Code\\resources\\app\\extensions\\theme-defaults"
Feb 12 12:50:14.802 INFO Get file handle: "C:\\Users\\OSJ\\AppData\\Local\\Programs\\Microsoft VS Code\\resources\\app\\extensions\\theme-defaults\\package.json" (attempt 1)
Feb 12 12:50:14.802 INFO Get file handle: "C:\\Users\\OSJ\\AppData\\Local\\Programs\\Microsoft VS Code\\resources\\app\\extensions\\theme-defaults\\package.nls.json" (attempt 1)
Feb 12 12:50:14.802 INFO Reading directory: "C:\\Users\\OSJ\\AppData\\Local\\Programs\\Microsoft VS Code\\resources\\app\\extensions\\theme-kimbie-dark"
Feb 12 12:50:14.802 INFO Get file handle: "C:\\Users\\OSJ\\AppData\\Local\\Programs\\Microsoft VS Code\\resources\\app\\extensions\\theme-kimbie-dark\\package.json" (attempt 1)
Feb 12 12:50:14.802 INFO Get file handle: "C:\\Users\\OSJ\\AppData\\Local\\Programs\\Microsoft VS Code\\resources\\app\\extensions\\theme-kimbie-dark\\package.nls.json" (attempt 1)
Feb 12 12:50:14.802 INFO Reading directory: "C:\\Users\\OSJ\\AppData\\Local\\Programs\\Microsoft VS Code\\resources\\app\\extensions\\theme-monokai"
Feb 12 12:50:14.802 INFO Get file handle: "C:\\Users\\OSJ\\AppData\\Local\\Programs\\Microsoft VS Code\\resources\\app\\extensions\\theme-monokai\\package.json" (attempt 1)
Feb 12 12:50:14.802 INFO Get file handle: "C:\\Users\\OSJ\\AppData\\Local\\Programs\\Microsoft VS Code\\resources\\app\\extensions\\theme-monokai\\package.nls.json" (attempt 1)
Feb 12 12:50:14.802 INFO Reading directory: "C:\\Users\\OSJ\\AppData\\Local\\Programs\\Microsoft VS Code\\resources\\app\\extensions\\theme-monokai-dimmed"
Feb 12 12:50:14.802 INFO Get file handle: "C:\\Users\\OSJ\\AppData\\Local\\Programs\\Microsoft VS Code\\resources\\app\\extensions\\theme-monokai-dimmed\\package.json" (attempt 1)
Feb 12 12:50:14.802 INFO Get file handle: "C:\\Users\\OSJ\\AppData\\Local\\Programs\\Microsoft VS Code\\resources\\app\\extensions\\theme-monokai-dimmed\\package.nls.json" (attempt 1)
Feb 12 12:50:14.802 INFO Reading directory: "C:\\Users\\OSJ\\AppData\\Local\\Programs\\Microsoft VS Code\\resources\\app\\extensions\\theme-quietlight"
Feb 12 12:50:14.802 INFO Get file handle: "C:\\Users\\OSJ\\AppData\\Local\\Programs\\Microsoft VS Code\\resources\\app\\extensions\\theme-quietlight\\package.json" (attempt 1)
Feb 12 12:50:14.802 INFO Get file handle: "C:\\Users\\OSJ\\AppData\\Local\\Programs\\Microsoft VS Code\\resources\\app\\extensions\\theme-quietlight\\package.nls.json" (attempt 1)
Feb 12 12:50:14.802 INFO Reading directory: "C:\\Users\\OSJ\\AppData\\Local\\Programs\\Microsoft VS Code\\resources\\app\\extensions\\theme-red"
Feb 12 12:50:14.802 INFO Get file handle: "C:\\Users\\OSJ\\AppData\\Local\\Programs\\Microsoft VS Code\\resources\\app\\extensions\\theme-red\\package.json" (attempt 1)
Feb 12 12:50:14.802 INFO Get file handle: "C:\\Users\\OSJ\\AppData\\Local\\Programs\\Microsoft VS Code\\resources\\app\\extensions\\theme-red\\package.nls.json" (attempt 1)
Feb 12 12:50:14.803 INFO Reading directory: "C:\\Users\\OSJ\\AppData\\Local\\Programs\\Microsoft VS Code\\resources\\app\\extensions\\theme-seti"
Feb 12 12:50:14.803 INFO Get file handle: "C:\\Users\\OSJ\\AppData\\Local\\Programs\\Microsoft VS Code\\resources\\app\\extensions\\theme-seti\\package.json" (attempt 1)
Feb 12 12:50:14.803 INFO Get file handle: "C:\\Users\\OSJ\\AppData\\Local\\Programs\\Microsoft VS Code\\resources\\app\\extensions\\theme-seti\\package.nls.json" (attempt 1)
Feb 12 12:50:14.803 INFO Get file handle: "C:\\Users\\OSJ\\AppData\\Local\\Programs\\Microsoft VS Code\\resources\\app\\extensions\\theme-seti\\README.md" (attempt 1)
Feb 12 12:50:14.803 INFO Get file handle: "C:\\Users\\OSJ\\AppData\\Local\\Programs\\Microsoft VS Code\\resources\\app\\extensions\\theme-seti\\ThirdPartyNotices.txt" (attempt 1)
Feb 12 12:50:14.803 INFO Reading directory: "C:\\Users\\OSJ\\AppData\\Local\\Programs\\Microsoft VS Code\\resources\\app\\extensions\\theme-solarized-dark"
Feb 12 12:50:14.803 INFO Get file handle: "C:\\Users\\OSJ\\AppData\\Local\\Programs\\Microsoft VS Code\\resources\\app\\extensions\\theme-solarized-dark\\package.json" (attempt 1)
Feb 12 12:50:14.803 INFO Get file handle: "C:\\Users\\OSJ\\AppData\\Local\\Programs\\Microsoft VS Code\\resources\\app\\extensions\\theme-solarized-dark\\package.nls.json" (attempt 1)
Feb 12 12:50:14.803 INFO Reading directory: "C:\\Users\\OSJ\\AppData\\Local\\Programs\\Microsoft VS Code\\resources\\app\\extensions\\theme-solarized-light"
Feb 12 12:50:14.803 INFO Get file handle: "C:\\Users\\OSJ\\AppData\\Local\\Programs\\Microsoft VS Code\\resources\\app\\extensions\\theme-solarized-light\\package.json" (attempt 1)
Feb 12 12:50:14.803 INFO Get file handle: "C:\\Users\\OSJ\\AppData\\Local\\Programs\\Microsoft VS Code\\resources\\app\\extensions\\theme-solarized-light\\package.nls.json" (attempt 1)
Feb 12 12:50:14.803 INFO Reading directory: "C:\\Users\\OSJ\\AppData\\Local\\Programs\\Microsoft VS Code\\resources\\app\\extensions\\theme-tomorrow-night-blue"
Feb 12 12:50:14.803 INFO Get file handle: "C:\\Users\\OSJ\\AppData\\Local\\Programs\\Microsoft VS Code\\resources\\app\\extensions\\theme-tomorrow-night-blue\\package.json" (attempt 1)
Feb 12 12:50:14.803 INFO Get file handle: "C:\\Users\\OSJ\\AppData\\Local\\Programs\\Microsoft VS Code\\resources\\app\\extensions\\theme-tomorrow-night-blue\\package.nls.json" (attempt 1)
Feb 12 12:50:14.803 INFO Reading directory: "C:\\Users\\OSJ\\AppData\\Local\\Programs\\Microsoft VS Code\\resources\\app\\extensions\\typescript-basics"
Feb 12 12:50:14.803 INFO Get file handle: "C:\\Users\\OSJ\\AppData\\Local\\Programs\\Microsoft VS Code\\resources\\app\\extensions\\typescript-basics\\language-configuration.json" (attempt 1)
Feb 12 12:50:14.803 INFO Get file handle: "C:\\Users\\OSJ\\AppData\\Local\\Programs\\Microsoft VS Code\\resources\\app\\extensions\\typescript-basics\\package.json" (attempt 1)
Feb 12 12:50:14.803 INFO Get file handle: "C:\\Users\\OSJ\\AppData\\Local\\Programs\\Microsoft VS Code\\resources\\app\\extensions\\typescript-basics\\package.nls.json" (attempt 1)
Feb 12 12:50:14.803 INFO Reading directory: "C:\\Users\\OSJ\\AppData\\Local\\Programs\\Microsoft VS Code\\resources\\app\\extensions\\typescript-language-features"
Feb 12 12:50:14.804 INFO Get file handle: "C:\\Users\\OSJ\\AppData\\Local\\Programs\\Microsoft VS Code\\resources\\app\\extensions\\typescript-language-features\\package.json" (attempt 1)
Feb 12 12:50:14.804 INFO Get file handle: "C:\\Users\\OSJ\\AppData\\Local\\Programs\\Microsoft VS Code\\resources\\app\\extensions\\typescript-language-features\\package.nls.json" (attempt 1)
Feb 12 12:50:14.804 INFO Get file handle: "C:\\Users\\OSJ\\AppData\\Local\\Programs\\Microsoft VS Code\\resources\\app\\extensions\\typescript-language-features\\README.md" (attempt 1)
Feb 12 12:50:14.804 INFO Reading directory: "C:\\Users\\OSJ\\AppData\\Local\\Programs\\Microsoft VS Code\\resources\\app\\extensions\\vb"
Feb 12 12:50:14.804 INFO Get file handle: "C:\\Users\\OSJ\\AppData\\Local\\Programs\\Microsoft VS Code\\resources\\app\\extensions\\vb\\language-configuration.json" (attempt 1)
Feb 12 12:50:14.804 INFO Get file handle: "C:\\Users\\OSJ\\AppData\\Local\\Programs\\Microsoft VS Code\\resources\\app\\extensions\\vb\\package.json" (attempt 1)
Feb 12 12:50:14.804 INFO Get file handle: "C:\\Users\\OSJ\\AppData\\Local\\Programs\\Microsoft VS Code\\resources\\app\\extensions\\vb\\package.nls.json" (attempt 1)
Feb 12 12:50:14.804 INFO Reading directory: "C:\\Users\\OSJ\\AppData\\Local\\Programs\\Microsoft VS Code\\resources\\app\\extensions\\xml"
Feb 12 12:50:14.804 INFO Get file handle: "C:\\Users\\OSJ\\AppData\\Local\\Programs\\Microsoft VS Code\\resources\\app\\extensions\\xml\\package.json" (attempt 1)
Feb 12 12:50:14.804 INFO Get file handle: "C:\\Users\\OSJ\\AppData\\Local\\Programs\\Microsoft VS Code\\resources\\app\\extensions\\xml\\package.nls.json" (attempt 1)
Feb 12 12:50:14.804 INFO Get file handle: "C:\\Users\\OSJ\\AppData\\Local\\Programs\\Microsoft VS Code\\resources\\app\\extensions\\xml\\xml.language-configuration.json" (attempt 1)
Feb 12 12:50:14.804 INFO Get file handle: "C:\\Users\\OSJ\\AppData\\Local\\Programs\\Microsoft VS Code\\resources\\app\\extensions\\xml\\xsl.language-configuration.json" (attempt 1)
Feb 12 12:50:14.804 INFO Reading directory: "C:\\Users\\OSJ\\AppData\\Local\\Programs\\Microsoft VS Code\\resources\\app\\extensions\\yaml"
Feb 12 12:50:14.804 INFO Get file handle: "C:\\Users\\OSJ\\AppData\\Local\\Programs\\Microsoft VS Code\\resources\\app\\extensions\\yaml\\language-configuration.json" (attempt 1)
Feb 12 12:50:14.804 INFO Get file handle: "C:\\Users\\OSJ\\AppData\\Local\\Programs\\Microsoft VS Code\\resources\\app\\extensions\\yaml\\package.json" (attempt 1)
Feb 12 12:50:14.804 INFO Get file handle: "C:\\Users\\OSJ\\AppData\\Local\\Programs\\Microsoft VS Code\\resources\\app\\extensions\\yaml\\package.nls.json" (attempt 1)
Feb 12 12:50:14.804 INFO Reading directory: "C:\\Users\\OSJ\\AppData\\Local\\Programs\\Microsoft VS Code\\resources\\app\\node_modules.asar.unpacked\\@parcel"
Feb 12 12:50:14.804 INFO Reading directory: "C:\\Users\\OSJ\\AppData\\Local\\Programs\\Microsoft VS Code\\resources\\app\\node_modules.asar.unpacked\\@vscode"
Feb 12 12:50:14.804 INFO Reading directory: "C:\\Users\\OSJ\\AppData\\Local\\Programs\\Microsoft VS Code\\resources\\app\\node_modules.asar.unpacked\\keytar"
Feb 12 12:50:14.804 INFO Reading directory: "C:\\Users\\OSJ\\AppData\\Local\\Programs\\Microsoft VS Code\\resources\\app\\node_modules.asar.unpacked\\native-is-elevated"
Feb 12 12:50:14.804 INFO Reading directory: "C:\\Users\\OSJ\\AppData\\Local\\Programs\\Microsoft VS Code\\resources\\app\\node_modules.asar.unpacked\\native-keymap"
Feb 12 12:50:14.804 INFO Reading directory: "C:\\Users\\OSJ\\AppData\\Local\\Programs\\Microsoft VS Code\\resources\\app\\node_modules.asar.unpacked\\native-watchdog"
Feb 12 12:50:14.805 INFO Reading directory: "C:\\Users\\OSJ\\AppData\\Local\\Programs\\Microsoft VS Code\\resources\\app\\node_modules.asar.unpacked\\node-pty"
Feb 12 12:50:14.805 INFO Reading directory: "C:\\Users\\OSJ\\AppData\\Local\\Programs\\Microsoft VS Code\\resources\\app\\node_modules.asar.unpacked\\node-vsce-sign"
Feb 12 12:50:14.805 INFO Reading directory: "C:\\Users\\OSJ\\AppData\\Local\\Programs\\Microsoft VS Code\\resources\\app\\node_modules.asar.unpacked\\spdlog"
Feb 12 12:50:14.805 INFO Reading directory: "C:\\Users\\OSJ\\AppData\\Local\\Programs\\Microsoft VS Code\\resources\\app\\node_modules.asar.unpacked\\vscode-encrypt"
Feb 12 12:50:14.805 INFO Reading directory: "C:\\Users\\OSJ\\AppData\\Local\\Programs\\Microsoft VS Code\\resources\\app\\node_modules.asar.unpacked\\vscode-oniguruma"
Feb 12 12:50:14.805 INFO Reading directory: "C:\\Users\\OSJ\\AppData\\Local\\Programs\\Microsoft VS Code\\resources\\app\\node_modules.asar.unpacked\\vscode-policy-watcher"
Feb 12 12:50:14.805 INFO Reading directory: "C:\\Users\\OSJ\\AppData\\Local\\Programs\\Microsoft VS Code\\resources\\app\\node_modules.asar.unpacked\\vscode-windows-ca-certs"
Feb 12 12:50:14.805 INFO Reading directory: "C:\\Users\\OSJ\\AppData\\Local\\Programs\\Microsoft VS Code\\resources\\app\\node_modules.asar.unpacked\\vsda"
Feb 12 12:50:14.805 INFO Reading directory: "C:\\Users\\OSJ\\AppData\\Local\\Programs\\Microsoft VS Code\\resources\\app\\node_modules.asar.unpacked\\windows-foreground-love"
Feb 12 12:50:14.805 INFO Reading directory: "C:\\Users\\OSJ\\AppData\\Local\\Programs\\Microsoft VS Code\\resources\\app\\node_modules.asar.unpacked\\windows-mutex"
Feb 12 12:50:14.805 INFO Reading directory: "C:\\Users\\OSJ\\AppData\\Local\\Programs\\Microsoft VS Code\\resources\\app\\node_modules.asar.unpacked\\windows-process-tree"
Feb 12 12:50:14.805 INFO Reading directory: "C:\\Users\\OSJ\\AppData\\Local\\Programs\\Microsoft VS Code\\resources\\app\\out\\vs"
Feb 12 12:50:14.805 INFO Get file handle: "C:\\Users\\OSJ\\AppData\\Local\\Programs\\Microsoft VS Code\\resources\\app\\out\\vs\\loader.js" (attempt 1)
Feb 12 12:50:14.805 INFO Reading directory: "C:\\Users\\OSJ\\AppData\\Local\\Programs\\Microsoft VS Code\\resources\\app\\out\\vscode-dts"
Feb 12 12:50:14.805 INFO Get file handle: "C:\\Users\\OSJ\\AppData\\Local\\Programs\\Microsoft VS Code\\resources\\app\\out\\vscode-dts\\vscode.d.ts" (attempt 1)
Feb 12 12:50:14.805 INFO Reading directory: "C:\\Users\\OSJ\\AppData\\Local\\Programs\\Microsoft VS Code\\resources\\app\\resources\\win32"
Feb 12 12:50:14.805 INFO Get file handle: "C:\\Users\\OSJ\\AppData\\Local\\Programs\\Microsoft VS Code\\resources\\app\\resources\\win32\\bower.ico" (attempt 1)
Feb 12 12:50:14.805 INFO Get file handle: "C:\\Users\\OSJ\\AppData\\Local\\Programs\\Microsoft VS Code\\resources\\app\\resources\\win32\\c.ico" (attempt 1)
Feb 12 12:50:14.805 INFO Get file handle: "C:\\Users\\OSJ\\AppData\\Local\\Programs\\Microsoft VS Code\\resources\\app\\resources\\win32\\code_150x150.png" (attempt 1)
Feb 12 12:50:14.805 INFO Get file handle: "C:\\Users\\OSJ\\AppData\\Local\\Programs\\Microsoft VS Code\\resources\\app\\resources\\win32\\code_70x70.png" (attempt 1)
Feb 12 12:50:14.805 INFO Get file handle: "C:\\Users\\OSJ\\AppData\\Local\\Programs\\Microsoft VS Code\\resources\\app\\resources\\win32\\config.ico" (attempt 1)
Feb 12 12:50:14.805 INFO Get file handle: "C:\\Users\\OSJ\\AppData\\Local\\Programs\\Microsoft VS Code\\resources\\app\\resources\\win32\\cpp.ico" (attempt 1)
Feb 12 12:50:14.806 INFO Get file handle: "C:\\Users\\OSJ\\AppData\\Local\\Programs\\Microsoft VS Code\\resources\\app\\resources\\win32\\csharp.ico" (attempt 1)
Feb 12 12:50:14.806 INFO Get file handle: "C:\\Users\\OSJ\\AppData\\Local\\Programs\\Microsoft VS Code\\resources\\app\\resources\\win32\\css.ico" (attempt 1)
Feb 12 12:50:14.806 INFO Get file handle: "C:\\Users\\OSJ\\AppData\\Local\\Programs\\Microsoft VS Code\\resources\\app\\resources\\win32\\default.ico" (attempt 1)
Feb 12 12:50:14.806 INFO Get file handle: "C:\\Users\\OSJ\\AppData\\Local\\Programs\\Microsoft VS Code\\resources\\app\\resources\\win32\\go.ico" (attempt 1)
Feb 12 12:50:14.806 INFO Get file handle: "C:\\Users\\OSJ\\AppData\\Local\\Programs\\Microsoft VS Code\\resources\\app\\resources\\win32\\html.ico" (attempt 1)
Feb 12 12:50:14.806 INFO Get file handle: "C:\\Users\\OSJ\\AppData\\Local\\Programs\\Microsoft VS Code\\resources\\app\\resources\\win32\\jade.ico" (attempt 1)
Feb 12 12:50:14.806 INFO Get file handle: "C:\\Users\\OSJ\\AppData\\Local\\Programs\\Microsoft VS Code\\resources\\app\\resources\\win32\\java.ico" (attempt 1)
Feb 12 12:50:14.806 INFO Get file handle: "C:\\Users\\OSJ\\AppData\\Local\\Programs\\Microsoft VS Code\\resources\\app\\resources\\win32\\javascript.ico" (attempt 1)
Feb 12 12:50:14.806 INFO Get file handle: "C:\\Users\\OSJ\\AppData\\Local\\Programs\\Microsoft VS Code\\resources\\app\\resources\\win32\\json.ico" (attempt 1)
Feb 12 12:50:14.806 INFO Get file handle: "C:\\Users\\OSJ\\AppData\\Local\\Programs\\Microsoft VS Code\\resources\\app\\resources\\win32\\less.ico" (attempt 1)
Feb 12 12:50:14.806 INFO Get file handle: "C:\\Users\\OSJ\\AppData\\Local\\Programs\\Microsoft VS Code\\resources\\app\\resources\\win32\\markdown.ico" (attempt 1)
Feb 12 12:50:14.806 INFO Get file handle: "C:\\Users\\OSJ\\AppData\\Local\\Programs\\Microsoft VS Code\\resources\\app\\resources\\win32\\php.ico" (attempt 1)
Feb 12 12:50:14.806 INFO Get file handle: "C:\\Users\\OSJ\\AppData\\Local\\Programs\\Microsoft VS Code\\resources\\app\\resources\\win32\\powershell.ico" (attempt 1)
Feb 12 12:50:14.806 INFO Get file handle: "C:\\Users\\OSJ\\AppData\\Local\\Programs\\Microsoft VS Code\\resources\\app\\resources\\win32\\python.ico" (attempt 1)
Feb 12 12:50:14.806 INFO Get file handle: "C:\\Users\\OSJ\\AppData\\Local\\Programs\\Microsoft VS Code\\resources\\app\\resources\\win32\\react.ico" (attempt 1)
Feb 12 12:50:14.806 INFO Get file handle: "C:\\Users\\OSJ\\AppData\\Local\\Programs\\Microsoft VS Code\\resources\\app\\resources\\win32\\ruby.ico" (attempt 1)
Feb 12 12:50:14.806 INFO Get file handle: "C:\\Users\\OSJ\\AppData\\Local\\Programs\\Microsoft VS Code\\resources\\app\\resources\\win32\\sass.ico" (attempt 1)
Feb 12 12:50:14.806 INFO Get file handle: "C:\\Users\\OSJ\\AppData\\Local\\Programs\\Microsoft VS Code\\resources\\app\\resources\\win32\\shell.ico" (attempt 1)
Feb 12 12:50:14.806 INFO Get file handle: "C:\\Users\\OSJ\\AppData\\Local\\Programs\\Microsoft VS Code\\resources\\app\\resources\\win32\\sql.ico" (attempt 1)
Feb 12 12:50:14.806 INFO Get file handle: "C:\\Users\\OSJ\\AppData\\Local\\Programs\\Microsoft VS Code\\resources\\app\\resources\\win32\\typescript.ico" (attempt 1)
Feb 12 12:50:14.806 INFO Get file handle: "C:\\Users\\OSJ\\AppData\\Local\\Programs\\Microsoft VS Code\\resources\\app\\resources\\win32\\vue.ico" (attempt 1)
Feb 12 12:50:14.806 INFO Get file handle: "C:\\Users\\OSJ\\AppData\\Local\\Programs\\Microsoft VS Code\\resources\\app\\resources\\win32\\xml.ico" (attempt 1)
Feb 12 12:50:14.806 INFO Get file handle: "C:\\Users\\OSJ\\AppData\\Local\\Programs\\Microsoft VS Code\\resources\\app\\resources\\win32\\yaml.ico" (attempt 1)
Feb 12 12:50:14.806 INFO Reading directory: "C:\\Users\\OSJ\\AppData\\Local\\Programs\\Microsoft VS Code\\resources\\app\\extensions\\bat\\snippets"
Feb 12 12:50:14.806 INFO Get file handle: "C:\\Users\\OSJ\\AppData\\Local\\Programs\\Microsoft VS Code\\resources\\app\\extensions\\bat\\snippets\\batchfile.code-snippets" (attempt 1)
Feb 12 12:50:14.807 INFO Reading directory: "C:\\Users\\OSJ\\AppData\\Local\\Programs\\Microsoft VS Code\\resources\\app\\extensions\\bat\\syntaxes"
Feb 12 12:50:14.807 INFO Get file handle: "C:\\Users\\OSJ\\AppData\\Local\\Programs\\Microsoft VS Code\\resources\\app\\extensions\\bat\\syntaxes\\batchfile.tmLanguage.json" (attempt 1)
Feb 12 12:50:14.807 INFO Reading directory: "C:\\Users\\OSJ\\AppData\\Local\\Programs\\Microsoft VS Code\\resources\\app\\extensions\\clojure\\syntaxes"
Feb 12 12:50:14.807 INFO Get file handle: "C:\\Users\\OSJ\\AppData\\Local\\Programs\\Microsoft VS Code\\resources\\app\\extensions\\clojure\\syntaxes\\clojure.tmLanguage.json" (attempt 1)
Feb 12 12:50:14.807 INFO Reading directory: "C:\\Users\\OSJ\\AppData\\Local\\Programs\\Microsoft VS Code\\resources\\app\\extensions\\coffeescript\\snippets"
Feb 12 12:50:14.807 INFO Get file handle: "C:\\Users\\OSJ\\AppData\\Local\\Programs\\Microsoft VS Code\\resources\\app\\extensions\\coffeescript\\snippets\\coffeescript.code-snippets" (attempt 1)
Feb 12 12:50:14.807 INFO Reading directory: "C:\\Users\\OSJ\\AppData\\Local\\Programs\\Microsoft VS Code\\resources\\app\\extensions\\coffeescript\\syntaxes"
Feb 12 12:50:14.807 INFO Get file handle: "C:\\Users\\OSJ\\AppData\\Local\\Programs\\Microsoft VS Code\\resources\\app\\extensions\\coffeescript\\syntaxes\\coffeescript.tmLanguage.json" (attempt 1)
Feb 12 12:50:14.807 INFO Reading directory: "C:\\Users\\OSJ\\AppData\\Local\\Programs\\Microsoft VS Code\\resources\\app\\extensions\\configuration-editing\\dist"
Feb 12 12:50:14.807 INFO Get file handle: "C:\\Users\\OSJ\\AppData\\Local\\Programs\\Microsoft VS Code\\resources\\app\\extensions\\configuration-editing\\dist\\configurationEditingMain.js" (attempt 1)
Feb 12 12:50:14.807 INFO Get file handle: "C:\\Users\\OSJ\\AppData\\Local\\Programs\\Microsoft VS Code\\resources\\app\\extensions\\configuration-editing\\dist\\configurationEditingMain.js.LICENSE.txt" (attempt 1)
Feb 12 12:50:14.807 INFO Reading directory: "C:\\Users\\OSJ\\AppData\\Local\\Programs\\Microsoft VS Code\\resources\\app\\extensions\\configuration-editing\\images"
Feb 12 12:50:14.807 INFO Get file handle: "C:\\Users\\OSJ\\AppData\\Local\\Programs\\Microsoft VS Code\\resources\\app\\extensions\\configuration-editing\\images\\icon.png" (attempt 1)
Feb 12 12:50:14.807 INFO Reading directory: "C:\\Users\\OSJ\\AppData\\Local\\Programs\\Microsoft VS Code\\resources\\app\\extensions\\configuration-editing\\schemas"
Feb 12 12:50:14.807 INFO Get file handle: "C:\\Users\\OSJ\\AppData\\Local\\Programs\\Microsoft VS Code\\resources\\app\\extensions\\configuration-editing\\schemas\\attachContainer.schema.json" (attempt 1)
Feb 12 12:50:14.807 INFO Reading directory: "C:\\Users\\OSJ\\AppData\\Local\\Programs\\Microsoft VS Code\\resources\\app\\extensions\\cpp\\snippets"
Feb 12 12:50:14.807 INFO Get file handle: "C:\\Users\\OSJ\\AppData\\Local\\Programs\\Microsoft VS Code\\resources\\app\\extensions\\cpp\\snippets\\c.code-snippets" (attempt 1)
Feb 12 12:50:14.807 INFO Get file handle: "C:\\Users\\OSJ\\AppData\\Local\\Programs\\Microsoft VS Code\\resources\\app\\extensions\\cpp\\snippets\\cpp.code-snippets" (attempt 1)
Feb 12 12:50:14.807 INFO Reading directory: "C:\\Users\\OSJ\\AppData\\Local\\Programs\\Microsoft VS Code\\resources\\app\\extensions\\cpp\\syntaxes"
Feb 12 12:50:14.807 INFO Get file handle: "C:\\Users\\OSJ\\AppData\\Local\\Programs\\Microsoft VS Code\\resources\\app\\extensions\\cpp\\syntaxes\\c.tmLanguage.json" (attempt 1)
Feb 12 12:50:14.807 INFO Get file handle: "C:\\Users\\OSJ\\AppData\\Local\\Programs\\Microsoft VS Code\\resources\\app\\extensions\\cpp\\syntaxes\\cpp.embedded.macro.tmLanguage.json" (attempt 1)
Feb 12 12:50:14.808 INFO Get file handle: "C:\\Users\\OSJ\\AppData\\Local\\Programs\\Microsoft VS Code\\resources\\app\\extensions\\cpp\\syntaxes\\cpp.tmLanguage.json" (attempt 1)
Feb 12 12:50:14.808 INFO Get file handle: "C:\\Users\\OSJ\\AppData\\Local\\Programs\\Microsoft VS Code\\resources\\app\\extensions\\cpp\\syntaxes\\cuda-cpp.tmLanguage.json" (attempt 1)
Feb 12 12:50:14.808 INFO Get file handle: "C:\\Users\\OSJ\\AppData\\Local\\Programs\\Microsoft VS Code\\resources\\app\\extensions\\cpp\\syntaxes\\platform.tmLanguage.json" (attempt 1)
Feb 12 12:50:14.808 INFO Reading directory: "C:\\Users\\OSJ\\AppData\\Local\\Programs\\Microsoft VS Code\\resources\\app\\extensions\\csharp\\snippets"
Feb 12 12:50:14.808 INFO Get file handle: "C:\\Users\\OSJ\\AppData\\Local\\Programs\\Microsoft VS Code\\resources\\app\\extensions\\csharp\\snippets\\csharp.code-snippets" (attempt 1)
Feb 12 12:50:14.808 INFO Reading directory: "C:\\Users\\OSJ\\AppData\\Local\\Programs\\Microsoft VS Code\\resources\\app\\extensions\\csharp\\syntaxes"
Feb 12 12:50:14.808 INFO Get file handle: "C:\\Users\\OSJ\\AppData\\Local\\Programs\\Microsoft VS Code\\resources\\app\\extensions\\csharp\\syntaxes\\csharp.tmLanguage.json" (attempt 1)
Feb 12 12:50:14.808 INFO Reading directory: "C:\\Users\\OSJ\\AppData\\Local\\Programs\\Microsoft VS Code\\resources\\app\\extensions\\css\\syntaxes"
Feb 12 12:50:14.808 INFO Get file handle: "C:\\Users\\OSJ\\AppData\\Local\\Programs\\Microsoft VS Code\\resources\\app\\extensions\\css\\syntaxes\\css.tmLanguage.json" (attempt 1)
Feb 12 12:50:14.808 INFO Reading directory: "C:\\Users\\OSJ\\AppData\\Local\\Programs\\Microsoft VS Code\\resources\\app\\extensions\\css-language-features\\client"
Feb 12 12:50:14.808 INFO Reading directory: "C:\\Users\\OSJ\\AppData\\Local\\Programs\\Microsoft VS Code\\resources\\app\\extensions\\css-language-features\\icons"
Feb 12 12:50:14.808 INFO Get file handle: "C:\\Users\\OSJ\\AppData\\Local\\Programs\\Microsoft VS Code\\resources\\app\\extensions\\css-language-features\\icons\\css.png" (attempt 1)
Feb 12 12:50:14.808 INFO Reading directory: "C:\\Users\\OSJ\\AppData\\Local\\Programs\\Microsoft VS Code\\resources\\app\\extensions\\css-language-features\\schemas"
Feb 12 12:50:14.808 INFO Get file handle: "C:\\Users\\OSJ\\AppData\\Local\\Programs\\Microsoft VS Code\\resources\\app\\extensions\\css-language-features\\schemas\\package.schema.json" (attempt 1)
Feb 12 12:50:14.809 INFO Reading directory: "C:\\Users\\OSJ\\AppData\\Local\\Programs\\Microsoft VS Code\\resources\\app\\extensions\\css-language-features\\server"
Feb 12 12:50:14.809 INFO Get file handle: "C:\\Users\\OSJ\\AppData\\Local\\Programs\\Microsoft VS Code\\resources\\app\\extensions\\css-language-features\\server\\package.json" (attempt 1)
Feb 12 12:50:14.809 INFO Reading directory: "C:\\Users\\OSJ\\AppData\\Local\\Programs\\Microsoft VS Code\\resources\\app\\extensions\\dart\\syntaxes"
Feb 12 12:50:14.809 INFO Get file handle: "C:\\Users\\OSJ\\AppData\\Local\\Programs\\Microsoft VS Code\\resources\\app\\extensions\\dart\\syntaxes\\dart.tmLanguage.json" (attempt 1)
Feb 12 12:50:14.809 INFO Reading directory: "C:\\Users\\OSJ\\AppData\\Local\\Programs\\Microsoft VS Code\\resources\\app\\extensions\\debug-auto-launch\\.vscode"
Feb 12 12:50:14.809 INFO Get file handle: "C:\\Users\\OSJ\\AppData\\Local\\Programs\\Microsoft VS Code\\resources\\app\\extensions\\debug-auto-launch\\.vscode\\launch.json" (attempt 1)
Feb 12 12:50:14.809 INFO Reading directory: "C:\\Users\\OSJ\\AppData\\Local\\Programs\\Microsoft VS Code\\resources\\app\\extensions\\debug-auto-launch\\dist"
Feb 12 12:50:14.809 INFO Get file handle: "C:\\Users\\OSJ\\AppData\\Local\\Programs\\Microsoft VS Code\\resources\\app\\extensions\\debug-auto-launch\\dist\\extension.js" (attempt 1)
Feb 12 12:50:14.809 INFO Reading directory: "C:\\Users\\OSJ\\AppData\\Local\\Programs\\Microsoft VS Code\\resources\\app\\extensions\\debug-auto-launch\\media"
Feb 12 12:50:14.809 INFO Get file handle: "C:\\Users\\OSJ\\AppData\\Local\\Programs\\Microsoft VS Code\\resources\\app\\extensions\\debug-auto-launch\\media\\icon.png" (attempt 1)
Feb 12 12:50:14.809 INFO Reading directory: "C:\\Users\\OSJ\\AppData\\Local\\Programs\\Microsoft VS Code\\resources\\app\\extensions\\debug-server-ready\\dist"
Feb 12 12:50:14.809 INFO Get file handle: "C:\\Users\\OSJ\\AppData\\Local\\Programs\\Microsoft VS Code\\resources\\app\\extensions\\debug-server-ready\\dist\\extension.js" (attempt 1)
Feb 12 12:50:14.809 INFO Reading directory: "C:\\Users\\OSJ\\AppData\\Local\\Programs\\Microsoft VS Code\\resources\\app\\extensions\\debug-server-ready\\media"
Feb 12 12:50:14.809 INFO Get file handle: "C:\\Users\\OSJ\\AppData\\Local\\Programs\\Microsoft VS Code\\resources\\app\\extensions\\debug-server-ready\\media\\icon.png" (attempt 1)
Feb 12 12:50:14.809 INFO Reading directory: "C:\\Users\\OSJ\\AppData\\Local\\Programs\\Microsoft VS Code\\resources\\app\\extensions\\diff\\syntaxes"
Feb 12 12:50:14.809 INFO Get file handle: "C:\\Users\\OSJ\\AppData\\Local\\Programs\\Microsoft VS Code\\resources\\app\\extensions\\diff\\syntaxes\\diff.tmLanguage.json" (attempt 1)
Feb 12 12:50:14.809 INFO Reading directory: "C:\\Users\\OSJ\\AppData\\Local\\Programs\\Microsoft VS Code\\resources\\app\\extensions\\docker\\syntaxes"
Feb 12 12:50:14.809 INFO Get file handle: "C:\\Users\\OSJ\\AppData\\Local\\Programs\\Microsoft VS Code\\resources\\app\\extensions\\docker\\syntaxes\\docker.tmLanguage.json" (attempt 1)
Feb 12 12:50:14.810 INFO Reading directory: "C:\\Users\\OSJ\\AppData\\Local\\Programs\\Microsoft VS Code\\resources\\app\\extensions\\emmet\\dist"
Feb 12 12:50:14.810 INFO Reading directory: "C:\\Users\\OSJ\\AppData\\Local\\Programs\\Microsoft VS Code\\resources\\app\\extensions\\emmet\\images"
Feb 12 12:50:14.810 INFO Get file handle: "C:\\Users\\OSJ\\AppData\\Local\\Programs\\Microsoft VS Code\\resources\\app\\extensions\\emmet\\images\\icon.png" (attempt 1)
Feb 12 12:50:14.810 INFO Reading directory: "C:\\Users\\OSJ\\AppData\\Local\\Programs\\Microsoft VS Code\\resources\\app\\extensions\\extension-editing\\dist"
Feb 12 12:50:14.810 INFO Get file handle: "C:\\Users\\OSJ\\AppData\\Local\\Programs\\Microsoft VS Code\\resources\\app\\extensions\\extension-editing\\dist\\extensionEditingMain.js" (attempt 1)
Feb 12 12:50:14.810 INFO Reading directory: "C:\\Users\\OSJ\\AppData\\Local\\Programs\\Microsoft VS Code\\resources\\app\\extensions\\extension-editing\\images"
Feb 12 12:50:14.810 INFO Get file handle: "C:\\Users\\OSJ\\AppData\\Local\\Programs\\Microsoft VS Code\\resources\\app\\extensions\\extension-editing\\images\\icon.png" (attempt 1)
Feb 12 12:50:14.810 INFO Reading directory: "C:\\Users\\OSJ\\AppData\\Local\\Programs\\Microsoft VS Code\\resources\\app\\extensions\\fsharp\\snippets"
Feb 12 12:50:14.810 INFO Get file handle: "C:\\Users\\OSJ\\AppData\\Local\\Programs\\Microsoft VS Code\\resources\\app\\extensions\\fsharp\\snippets\\fsharp.code-snippets" (attempt 1)
Feb 12 12:50:14.810 INFO Reading directory: "C:\\Users\\OSJ\\AppData\\Local\\Programs\\Microsoft VS Code\\resources\\app\\extensions\\fsharp\\syntaxes"
Feb 12 12:50:14.810 INFO Get file handle: "C:\\Users\\OSJ\\AppData\\Local\\Programs\\Microsoft VS Code\\resources\\app\\extensions\\fsharp\\syntaxes\\fsharp.tmLanguage.json" (attempt 1)
Feb 12 12:50:14.810 INFO Reading directory: "C:\\Users\\OSJ\\AppData\\Local\\Programs\\Microsoft VS Code\\resources\\app\\extensions\\git\\dist"
Feb 12 12:50:14.810 INFO Get file handle: "C:\\Users\\OSJ\\AppData\\Local\\Programs\\Microsoft VS Code\\resources\\app\\extensions\\git\\dist\\askpass-empty.sh" (attempt 1)
Feb 12 12:50:14.810 INFO Get file handle: "C:\\Users\\OSJ\\AppData\\Local\\Programs\\Microsoft VS Code\\resources\\app\\extensions\\git\\dist\\askpass-main.js" (attempt 1)
Feb 12 12:50:14.810 INFO Get file handle: "C:\\Users\\OSJ\\AppData\\Local\\Programs\\Microsoft VS Code\\resources\\app\\extensions\\git\\dist\\askpass.sh" (attempt 1)
Feb 12 12:50:14.810 INFO Get file handle: "C:\\Users\\OSJ\\AppData\\Local\\Programs\\Microsoft VS Code\\resources\\app\\extensions\\git\\dist\\git-editor-empty.sh" (attempt 1)
Feb 12 12:50:14.810 INFO Get file handle: "C:\\Users\\OSJ\\AppData\\Local\\Programs\\Microsoft VS Code\\resources\\app\\extensions\\git\\dist\\git-editor-main.js" (attempt 1)
Feb 12 12:50:14.810 INFO Get file handle: "C:\\Users\\OSJ\\AppData\\Local\\Programs\\Microsoft VS Code\\resources\\app\\extensions\\git\\dist\\git-editor.sh" (attempt 1)
Feb 12 12:50:14.810 INFO Get file handle: "C:\\Users\\OSJ\\AppData\\Local\\Programs\\Microsoft VS Code\\resources\\app\\extensions\\git\\dist\\main.js" (attempt 1)
Feb 12 12:50:14.811 INFO Get file handle: "C:\\Users\\OSJ\\AppData\\Local\\Programs\\Microsoft VS Code\\resources\\app\\extensions\\git\\dist\\main.js.LICENSE.txt" (attempt 1)
Feb 12 12:50:14.811 INFO Get file handle: "C:\\Users\\OSJ\\AppData\\Local\\Programs\\Microsoft VS Code\\resources\\app\\extensions\\git\\dist\\ssh-askpass-empty.sh" (attempt 1)
Feb 12 12:50:14.811 INFO Get file handle: "C:\\Users\\OSJ\\AppData\\Local\\Programs\\Microsoft VS Code\\resources\\app\\extensions\\git\\dist\\ssh-askpass.sh" (attempt 1)
Feb 12 12:50:14.811 INFO Reading directory: "C:\\Users\\OSJ\\AppData\\Local\\Programs\\Microsoft VS Code\\resources\\app\\extensions\\git\\resources"
Feb 12 12:50:14.811 INFO Get file handle: "C:\\Users\\OSJ\\AppData\\Local\\Programs\\Microsoft VS Code\\resources\\app\\extensions\\git\\resources\\emojis.json" (attempt 1)
Feb 12 12:50:14.811 INFO Reading directory: "C:\\Users\\OSJ\\AppData\\Local\\Programs\\Microsoft VS Code\\resources\\app\\extensions\\git-base\\dist"
Feb 12 12:50:14.811 INFO Get file handle: "C:\\Users\\OSJ\\AppData\\Local\\Programs\\Microsoft VS Code\\resources\\app\\extensions\\git-base\\dist\\extension.js" (attempt 1)
Feb 12 12:50:14.811 INFO Reading directory: "C:\\Users\\OSJ\\AppData\\Local\\Programs\\Microsoft VS Code\\resources\\app\\extensions\\git-base\\languages"
Feb 12 12:50:14.811 INFO Get file handle: "C:\\Users\\OSJ\\AppData\\Local\\Programs\\Microsoft VS Code\\resources\\app\\extensions\\git-base\\languages\\git-commit.language-configuration.json" (attempt 1)
Feb 12 12:50:14.811 INFO Get file handle: "C:\\Users\\OSJ\\AppData\\Local\\Programs\\Microsoft VS Code\\resources\\app\\extensions\\git-base\\languages\\git-rebase.language-configuration.json" (attempt 1)
Feb 12 12:50:14.811 INFO Get file handle: "C:\\Users\\OSJ\\AppData\\Local\\Programs\\Microsoft VS Code\\resources\\app\\extensions\\git-base\\languages\\ignore.language-configuration.json" (attempt 1)
Feb 12 12:50:14.811 INFO Reading directory: "C:\\Users\\OSJ\\AppData\\Local\\Programs\\Microsoft VS Code\\resources\\app\\extensions\\git-base\\resources"
Feb 12 12:50:14.811 INFO Reading directory: "C:\\Users\\OSJ\\AppData\\Local\\Programs\\Microsoft VS Code\\resources\\app\\extensions\\git-base\\syntaxes"
Feb 12 12:50:14.811 INFO Get file handle: "C:\\Users\\OSJ\\AppData\\Local\\Programs\\Microsoft VS Code\\resources\\app\\extensions\\git-base\\syntaxes\\git-commit.tmLanguage.json" (attempt 1)
Feb 12 12:50:14.811 INFO Get file handle: "C:\\Users\\OSJ\\AppData\\Local\\Programs\\Microsoft VS Code\\resources\\app\\extensions\\git-base\\syntaxes\\git-rebase.tmLanguage.json" (attempt 1)
Feb 12 12:50:14.811 INFO Get file handle: "C:\\Users\\OSJ\\AppData\\Local\\Programs\\Microsoft VS Code\\resources\\app\\extensions\\git-base\\syntaxes\\ignore.tmLanguage.json" (attempt 1)
Feb 12 12:50:14.811 INFO Reading directory: "C:\\Users\\OSJ\\AppData\\Local\\Programs\\Microsoft VS Code\\resources\\app\\extensions\\github\\dist"
Feb 12 12:50:14.811 INFO Get file handle: "C:\\Users\\OSJ\\AppData\\Local\\Programs\\Microsoft VS Code\\resources\\app\\extensions\\github\\dist\\extension.js" (attempt 1)
Feb 12 12:50:14.811 INFO Get file handle: "C:\\Users\\OSJ\\AppData\\Local\\Programs\\Microsoft VS Code\\resources\\app\\extensions\\github\\dist\\extension.js.LICENSE.txt" (attempt 1)
Feb 12 12:50:14.812 INFO Reading directory: "C:\\Users\\OSJ\\AppData\\Local\\Programs\\Microsoft VS Code\\resources\\app\\extensions\\github\\images"
Feb 12 12:50:14.812 INFO Get file handle: "C:\\Users\\OSJ\\AppData\\Local\\Programs\\Microsoft VS Code\\resources\\app\\extensions\\github\\images\\icon.png" (attempt 1)
Feb 12 12:50:14.812 INFO Reading directory: "C:\\Users\\OSJ\\AppData\\Local\\Programs\\Microsoft VS Code\\resources\\app\\extensions\\github\\testWorkspace"
Feb 12 12:50:14.812 INFO Get file handle: "C:\\Users\\OSJ\\AppData\\Local\\Programs\\Microsoft VS Code\\resources\\app\\extensions\\github\\testWorkspace\\PULL_REQUEST_TEMPLATE.md" (attempt 1)
Feb 12 12:50:14.812 INFO Get file handle: "C:\\Users\\OSJ\\AppData\\Local\\Programs\\Microsoft VS Code\\resources\\app\\extensions\\github\\testWorkspace\\some-markdown.md" (attempt 1)
Feb 12 12:50:14.812 INFO Get file handle: "C:\\Users\\OSJ\\AppData\\Local\\Programs\\Microsoft VS Code\\resources\\app\\extensions\\github\\testWorkspace\\x.txt" (attempt 1)
Feb 12 12:50:14.812 INFO Reading directory: "C:\\Users\\OSJ\\AppData\\Local\\Programs\\Microsoft VS Code\\resources\\app\\extensions\\github-authentication\\dist"
Feb 12 12:50:14.812 INFO Get file handle: "C:\\Users\\OSJ\\AppData\\Local\\Programs\\Microsoft VS Code\\resources\\app\\extensions\\github-authentication\\dist\\extension.js" (attempt 1)
Feb 12 12:50:14.812 INFO Get file handle: "C:\\Users\\OSJ\\AppData\\Local\\Programs\\Microsoft VS Code\\resources\\app\\extensions\\github-authentication\\dist\\extension.js.LICENSE.txt" (attempt 1)
Feb 12 12:50:14.812 INFO Reading directory: "C:\\Users\\OSJ\\AppData\\Local\\Programs\\Microsoft VS Code\\resources\\app\\extensions\\github-authentication\\images"
Feb 12 12:50:14.812 INFO Get file handle: "C:\\Users\\OSJ\\AppData\\Local\\Programs\\Microsoft VS Code\\resources\\app\\extensions\\github-authentication\\images\\icon.png" (attempt 1)
Feb 12 12:50:14.812 INFO Reading directory: "C:\\Users\\OSJ\\AppData\\Local\\Programs\\Microsoft VS Code\\resources\\app\\extensions\\github-authentication\\media"
Feb 12 12:50:14.812 INFO Get file handle: "C:\\Users\\OSJ\\AppData\\Local\\Programs\\Microsoft VS Code\\resources\\app\\extensions\\github-authentication\\media\\auth.css" (attempt 1)
Feb 12 12:50:14.812 INFO Get file handle: "C:\\Users\\OSJ\\AppData\\Local\\Programs\\Microsoft VS Code\\resources\\app\\extensions\\github-authentication\\media\\favicon.ico" (attempt 1)
Feb 12 12:50:14.812 INFO Get file handle: "C:\\Users\\OSJ\\AppData\\Local\\Programs\\Microsoft VS Code\\resources\\app\\extensions\\github-authentication\\media\\icon.png" (attempt 1)
Feb 12 12:50:14.812 INFO Get file handle: "C:\\Users\\OSJ\\AppData\\Local\\Programs\\Microsoft VS Code\\resources\\app\\extensions\\github-authentication\\media\\index.html" (attempt 1)
Feb 12 12:50:14.812 INFO Reading directory: "C:\\Users\\OSJ\\AppData\\Local\\Programs\\Microsoft VS Code\\resources\\app\\extensions\\go\\syntaxes"
Feb 12 12:50:14.812 INFO Get file handle: "C:\\Users\\OSJ\\AppData\\Local\\Programs\\Microsoft VS Code\\resources\\app\\extensions\\go\\syntaxes\\go.tmLanguage.json" (attempt 1)
Feb 12 12:50:14.812 INFO Reading directory: "C:\\Users\\OSJ\\AppData\\Local\\Programs\\Microsoft VS Code\\resources\\app\\extensions\\groovy\\snippets"
Feb 12 12:50:14.812 INFO Get file handle: "C:\\Users\\OSJ\\AppData\\Local\\Programs\\Microsoft VS Code\\resources\\app\\extensions\\groovy\\snippets\\groovy.code-snippets" (attempt 1)
Feb 12 12:50:14.812 INFO Reading directory: "C:\\Users\\OSJ\\AppData\\Local\\Programs\\Microsoft VS Code\\resources\\app\\extensions\\groovy\\syntaxes"
Feb 12 12:50:14.812 INFO Get file handle: "C:\\Users\\OSJ\\AppData\\Local\\Programs\\Microsoft VS Code\\resources\\app\\extensions\\groovy\\syntaxes\\groovy.tmLanguage.json" (attempt 1)
Feb 12 12:50:14.813 INFO Reading directory: "C:\\Users\\OSJ\\AppData\\Local\\Programs\\Microsoft VS Code\\resources\\app\\extensions\\grunt\\dist"
Feb 12 12:50:14.813 INFO Get file handle: "C:\\Users\\OSJ\\AppData\\Local\\Programs\\Microsoft VS Code\\resources\\app\\extensions\\grunt\\dist\\main.js" (attempt 1)
Feb 12 12:50:14.813 INFO Reading directory: "C:\\Users\\OSJ\\AppData\\Local\\Programs\\Microsoft VS Code\\resources\\app\\extensions\\grunt\\images"
Feb 12 12:50:14.813 INFO Get file handle: "C:\\Users\\OSJ\\AppData\\Local\\Programs\\Microsoft VS Code\\resources\\app\\extensions\\grunt\\images\\grunt.png" (attempt 1)
Feb 12 12:50:14.813 INFO Reading directory: "C:\\Users\\OSJ\\AppData\\Local\\Programs\\Microsoft VS Code\\resources\\app\\extensions\\gulp\\dist"
Feb 12 12:50:14.813 INFO Get file handle: "C:\\Users\\OSJ\\AppData\\Local\\Programs\\Microsoft VS Code\\resources\\app\\extensions\\gulp\\dist\\main.js" (attempt 1)
Feb 12 12:50:14.813 INFO Reading directory: "C:\\Users\\OSJ\\AppData\\Local\\Programs\\Microsoft VS Code\\resources\\app\\extensions\\gulp\\images"
Feb 12 12:50:14.813 INFO Get file handle: "C:\\Users\\OSJ\\AppData\\Local\\Programs\\Microsoft VS Code\\resources\\app\\extensions\\gulp\\images\\gulp.png" (attempt 1)
Feb 12 12:50:14.813 INFO Reading directory: "C:\\Users\\OSJ\\AppData\\Local\\Programs\\Microsoft VS Code\\resources\\app\\extensions\\handlebars\\syntaxes"
Feb 12 12:50:14.813 INFO Get file handle: "C:\\Users\\OSJ\\AppData\\Local\\Programs\\Microsoft VS Code\\resources\\app\\extensions\\handlebars\\syntaxes\\Handlebars.tmLanguage.json" (attempt 1)
Feb 12 12:50:14.813 INFO Reading directory: "C:\\Users\\OSJ\\AppData\\Local\\Programs\\Microsoft VS Code\\resources\\app\\extensions\\hlsl\\syntaxes"
Feb 12 12:50:14.813 INFO Get file handle: "C:\\Users\\OSJ\\AppData\\Local\\Programs\\Microsoft VS Code\\resources\\app\\extensions\\hlsl\\syntaxes\\hlsl.tmLanguage.json" (attempt 1)
Feb 12 12:50:14.813 INFO Reading directory: "C:\\Users\\OSJ\\AppData\\Local\\Programs\\Microsoft VS Code\\resources\\app\\extensions\\html\\snippets"
Feb 12 12:50:14.813 INFO Get file handle: "C:\\Users\\OSJ\\AppData\\Local\\Programs\\Microsoft VS Code\\resources\\app\\extensions\\html\\snippets\\html.code-snippets" (attempt 1)
Feb 12 12:50:14.813 INFO Reading directory: "C:\\Users\\OSJ\\AppData\\Local\\Programs\\Microsoft VS Code\\resources\\app\\extensions\\html\\syntaxes"
Feb 12 12:50:14.813 INFO Get file handle: "C:\\Users\\OSJ\\AppData\\Local\\Programs\\Microsoft VS Code\\resources\\app\\extensions\\html\\syntaxes\\html-derivative.tmLanguage.json" (attempt 1)
Feb 12 12:50:14.813 INFO Get file handle: "C:\\Users\\OSJ\\AppData\\Local\\Programs\\Microsoft VS Code\\resources\\app\\extensions\\html\\syntaxes\\html.tmLanguage.json" (attempt 1)
Feb 12 12:50:14.813 INFO Reading directory: "C:\\Users\\OSJ\\AppData\\Local\\Programs\\Microsoft VS Code\\resources\\app\\extensions\\html-language-features\\client"
Feb 12 12:50:14.813 INFO Reading directory: "C:\\Users\\OSJ\\AppData\\Local\\Programs\\Microsoft VS Code\\resources\\app\\extensions\\html-language-features\\icons"
Feb 12 12:50:14.813 INFO Get file handle: "C:\\Users\\OSJ\\AppData\\Local\\Programs\\Microsoft VS Code\\resources\\app\\extensions\\html-language-features\\icons\\html.png" (attempt 1)
Feb 12 12:50:14.814 INFO Reading directory: "C:\\Users\\OSJ\\AppData\\Local\\Programs\\Microsoft VS Code\\resources\\app\\extensions\\html-language-features\\schemas"
Feb 12 12:50:14.814 INFO Get file handle: "C:\\Users\\OSJ\\AppData\\Local\\Programs\\Microsoft VS Code\\resources\\app\\extensions\\html-language-features\\schemas\\package.schema.json" (attempt 1)
Feb 12 12:50:14.814 INFO Reading directory: "C:\\Users\\OSJ\\AppData\\Local\\Programs\\Microsoft VS Code\\resources\\app\\extensions\\html-language-features\\server"
Feb 12 12:50:14.814 INFO Get file handle: "C:\\Users\\OSJ\\AppData\\Local\\Programs\\Microsoft VS Code\\resources\\app\\extensions\\html-language-features\\server\\package.json" (attempt 1)
Feb 12 12:50:14.814 INFO Reading directory: "C:\\Users\\OSJ\\AppData\\Local\\Programs\\Microsoft VS Code\\resources\\app\\extensions\\ini\\syntaxes"
Feb 12 12:50:14.814 INFO Get file handle: "C:\\Users\\OSJ\\AppData\\Local\\Programs\\Microsoft VS Code\\resources\\app\\extensions\\ini\\syntaxes\\ini.tmLanguage.json" (attempt 1)
Feb 12 12:50:14.814 INFO Reading directory: "C:\\Users\\OSJ\\AppData\\Local\\Programs\\Microsoft VS Code\\resources\\app\\extensions\\ipynb\\dist"
Feb 12 12:50:14.814 INFO Get file handle: "C:\\Users\\OSJ\\AppData\\Local\\Programs\\Microsoft VS Code\\resources\\app\\extensions\\ipynb\\dist\\ipynbMain.js" (attempt 1)
Feb 12 12:50:14.814 INFO Reading directory: "C:\\Users\\OSJ\\AppData\\Local\\Programs\\Microsoft VS Code\\resources\\app\\extensions\\ipynb\\notebook-out"
Feb 12 12:50:14.814 INFO Get file handle: "C:\\Users\\OSJ\\AppData\\Local\\Programs\\Microsoft VS Code\\resources\\app\\extensions\\ipynb\\notebook-out\\cellAttachmentRenderer.js" (attempt 1)
Feb 12 12:50:14.814 INFO Reading directory: "C:\\Users\\OSJ\\AppData\\Local\\Programs\\Microsoft VS Code\\resources\\app\\extensions\\jake\\dist"
Feb 12 12:50:14.814 INFO Get file handle: "C:\\Users\\OSJ\\AppData\\Local\\Programs\\Microsoft VS Code\\resources\\app\\extensions\\jake\\dist\\main.js" (attempt 1)
Feb 12 12:50:14.814 INFO Reading directory: "C:\\Users\\OSJ\\AppData\\Local\\Programs\\Microsoft VS Code\\resources\\app\\extensions\\jake\\images"
Feb 12 12:50:14.814 INFO Get file handle: "C:\\Users\\OSJ\\AppData\\Local\\Programs\\Microsoft VS Code\\resources\\app\\extensions\\jake\\images\\cowboy_hat.png" (attempt 1)
Feb 12 12:50:14.814 INFO Reading directory: "C:\\Users\\OSJ\\AppData\\Local\\Programs\\Microsoft VS Code\\resources\\app\\extensions\\java\\snippets"
Feb 12 12:50:14.814 INFO Get file handle: "C:\\Users\\OSJ\\AppData\\Local\\Programs\\Microsoft VS Code\\resources\\app\\extensions\\java\\snippets\\java.code-snippets" (attempt 1)
Feb 12 12:50:14.814 INFO Reading directory: "C:\\Users\\OSJ\\AppData\\Local\\Programs\\Microsoft VS Code\\resources\\app\\extensions\\java\\syntaxes"
Feb 12 12:50:14.814 INFO Get file handle: "C:\\Users\\OSJ\\AppData\\Local\\Programs\\Microsoft VS Code\\resources\\app\\extensions\\java\\syntaxes\\java.tmLanguage.json" (attempt 1)
Feb 12 12:50:14.815 INFO Reading directory: "C:\\Users\\OSJ\\AppData\\Local\\Programs\\Microsoft VS Code\\resources\\app\\extensions\\javascript\\snippets"
Feb 12 12:50:14.815 INFO Get file handle: "C:\\Users\\OSJ\\AppData\\Local\\Programs\\Microsoft VS Code\\resources\\app\\extensions\\javascript\\snippets\\javascript.code-snippets" (attempt 1)
Feb 12 12:50:14.815 INFO Reading directory: "C:\\Users\\OSJ\\AppData\\Local\\Programs\\Microsoft VS Code\\resources\\app\\extensions\\javascript\\syntaxes"
Feb 12 12:50:14.815 INFO Get file handle: "C:\\Users\\OSJ\\AppData\\Local\\Programs\\Microsoft VS Code\\resources\\app\\extensions\\javascript\\syntaxes\\JavaScript.tmLanguage.json" (attempt 1)
Feb 12 12:50:14.815 INFO Get file handle: "C:\\Users\\OSJ\\AppData\\Local\\Programs\\Microsoft VS Code\\resources\\app\\extensions\\javascript\\syntaxes\\JavaScriptReact.tmLanguage.json" (attempt 1)
Feb 12 12:50:14.815 INFO Get file handle: "C:\\Users\\OSJ\\AppData\\Local\\Programs\\Microsoft VS Code\\resources\\app\\extensions\\javascript\\syntaxes\\Regular Expressions (JavaScript).tmLanguage" (attempt 1)
Feb 12 12:50:14.815 INFO Reading directory: "C:\\Users\\OSJ\\AppData\\Local\\Programs\\Microsoft VS Code\\resources\\app\\extensions\\json\\syntaxes"
Feb 12 12:50:14.815 INFO Get file handle: "C:\\Users\\OSJ\\AppData\\Local\\Programs\\Microsoft VS Code\\resources\\app\\extensions\\json\\syntaxes\\JSON.tmLanguage.json" (attempt 1)
Feb 12 12:50:14.815 INFO Get file handle: "C:\\Users\\OSJ\\AppData\\Local\\Programs\\Microsoft VS Code\\resources\\app\\extensions\\json\\syntaxes\\JSONC.tmLanguage.json" (attempt 1)
Feb 12 12:50:14.815 INFO Reading directory: "C:\\Users\\OSJ\\AppData\\Local\\Programs\\Microsoft VS Code\\resources\\app\\extensions\\json-language-features\\client"
Feb 12 12:50:14.815 INFO Reading directory: "C:\\Users\\OSJ\\AppData\\Local\\Programs\\Microsoft VS Code\\resources\\app\\extensions\\json-language-features\\icons"
Feb 12 12:50:14.815 INFO Get file handle: "C:\\Users\\OSJ\\AppData\\Local\\Programs\\Microsoft VS Code\\resources\\app\\extensions\\json-language-features\\icons\\json.png" (attempt 1)
Feb 12 12:50:14.815 INFO Reading directory: "C:\\Users\\OSJ\\AppData\\Local\\Programs\\Microsoft VS Code\\resources\\app\\extensions\\json-language-features\\server"
Feb 12 12:50:14.815 INFO Get file handle: "C:\\Users\\OSJ\\AppData\\Local\\Programs\\Microsoft VS Code\\resources\\app\\extensions\\json-language-features\\server\\package.json" (attempt 1)
Feb 12 12:50:14.815 INFO Reading directory: "C:\\Users\\OSJ\\AppData\\Local\\Programs\\Microsoft VS Code\\resources\\app\\extensions\\julia\\syntaxes"
Feb 12 12:50:14.815 INFO Get file handle: "C:\\Users\\OSJ\\AppData\\Local\\Programs\\Microsoft VS Code\\resources\\app\\extensions\\julia\\syntaxes\\julia.tmLanguage.json" (attempt 1)
Feb 12 12:50:14.815 INFO Reading directory: "C:\\Users\\OSJ\\AppData\\Local\\Programs\\Microsoft VS Code\\resources\\app\\extensions\\latex\\syntaxes"
Feb 12 12:50:14.815 INFO Get file handle: "C:\\Users\\OSJ\\AppData\\Local\\Programs\\Microsoft VS Code\\resources\\app\\extensions\\latex\\syntaxes\\Bibtex.tmLanguage.json" (attempt 1)
Feb 12 12:50:14.815 INFO Get file handle: "C:\\Users\\OSJ\\AppData\\Local\\Programs\\Microsoft VS Code\\resources\\app\\extensions\\latex\\syntaxes\\cpp-grammar-bailout.tmLanguage.json" (attempt 1)
Feb 12 12:50:14.816 INFO Get file handle: "C:\\Users\\OSJ\\AppData\\Local\\Programs\\Microsoft VS Code\\resources\\app\\extensions\\latex\\syntaxes\\LaTeX.tmLanguage.json" (attempt 1)
Feb 12 12:50:14.816 INFO Get file handle: "C:\\Users\\OSJ\\AppData\\Local\\Programs\\Microsoft VS Code\\resources\\app\\extensions\\latex\\syntaxes\\markdown-latex-combined.tmLanguage.json" (attempt 1)
Feb 12 12:50:14.816 INFO Get file handle: "C:\\Users\\OSJ\\AppData\\Local\\Programs\\Microsoft VS Code\\resources\\app\\extensions\\latex\\syntaxes\\TeX.tmLanguage.json" (attempt 1)
Feb 12 12:50:14.816 INFO Reading directory: "C:\\Users\\OSJ\\AppData\\Local\\Programs\\Microsoft VS Code\\resources\\app\\extensions\\less\\syntaxes"
Feb 12 12:50:14.816 INFO Get file handle: "C:\\Users\\OSJ\\AppData\\Local\\Programs\\Microsoft VS Code\\resources\\app\\extensions\\less\\syntaxes\\less.tmLanguage.json" (attempt 1)
Feb 12 12:50:14.816 INFO Reading directory: "C:\\Users\\OSJ\\AppData\\Local\\Programs\\Microsoft VS Code\\resources\\app\\extensions\\log\\syntaxes"
Feb 12 12:50:14.816 INFO Get file handle: "C:\\Users\\OSJ\\AppData\\Local\\Programs\\Microsoft VS Code\\resources\\app\\extensions\\log\\syntaxes\\log.tmLanguage.json" (attempt 1)
Feb 12 12:50:14.816 INFO Reading directory: "C:\\Users\\OSJ\\AppData\\Local\\Programs\\Microsoft VS Code\\resources\\app\\extensions\\lua\\syntaxes"
Feb 12 12:50:14.816 INFO Get file handle: "C:\\Users\\OSJ\\AppData\\Local\\Programs\\Microsoft VS Code\\resources\\app\\extensions\\lua\\syntaxes\\lua.tmLanguage.json" (attempt 1)
Feb 12 12:50:14.816 INFO Reading directory: "C:\\Users\\OSJ\\AppData\\Local\\Programs\\Microsoft VS Code\\resources\\app\\extensions\\make\\syntaxes"
Feb 12 12:50:14.816 INFO Get file handle: "C:\\Users\\OSJ\\AppData\\Local\\Programs\\Microsoft VS Code\\resources\\app\\extensions\\make\\syntaxes\\make.tmLanguage.json" (attempt 1)
Feb 12 12:50:14.816 INFO Reading directory: "C:\\Users\\OSJ\\AppData\\Local\\Programs\\Microsoft VS Code\\resources\\app\\extensions\\markdown-basics\\snippets"
Feb 12 12:50:14.816 INFO Get file handle: "C:\\Users\\OSJ\\AppData\\Local\\Programs\\Microsoft VS Code\\resources\\app\\extensions\\markdown-basics\\snippets\\markdown.code-snippets" (attempt 1)
Feb 12 12:50:14.816 INFO Reading directory: "C:\\Users\\OSJ\\AppData\\Local\\Programs\\Microsoft VS Code\\resources\\app\\extensions\\markdown-basics\\syntaxes"
Feb 12 12:50:14.816 INFO Get file handle: "C:\\Users\\OSJ\\AppData\\Local\\Programs\\Microsoft VS Code\\resources\\app\\extensions\\markdown-basics\\syntaxes\\markdown.tmLanguage.json" (attempt 1)
Feb 12 12:50:14.816 INFO Reading directory: "C:\\Users\\OSJ\\AppData\\Local\\Programs\\Microsoft VS Code\\resources\\app\\extensions\\markdown-language-features\\dist"
Feb 12 12:50:14.816 INFO Get file handle: "C:\\Users\\OSJ\\AppData\\Local\\Programs\\Microsoft VS Code\\resources\\app\\extensions\\markdown-language-features\\dist\\extension.js" (attempt 1)
Feb 12 12:50:14.816 INFO Get file handle: "C:\\Users\\OSJ\\AppData\\Local\\Programs\\Microsoft VS Code\\resources\\app\\extensions\\markdown-language-features\\dist\\extension.js.LICENSE.txt" (attempt 1)
Feb 12 12:50:14.816 INFO Reading directory: "C:\\Users\\OSJ\\AppData\\Local\\Programs\\Microsoft VS Code\\resources\\app\\extensions\\markdown-language-features\\media"
Feb 12 12:50:14.817 INFO Get file handle: "C:\\Users\\OSJ\\AppData\\Local\\Programs\\Microsoft VS Code\\resources\\app\\extensions\\markdown-language-features\\media\\highlight.css" (attempt 1)
Feb 12 12:50:14.817 INFO Get file handle: "C:\\Users\\OSJ\\AppData\\Local\\Programs\\Microsoft VS Code\\resources\\app\\extensions\\markdown-language-features\\media\\index.js" (attempt 1)
Feb 12 12:50:14.817 INFO Get file handle: "C:\\Users\\OSJ\\AppData\\Local\\Programs\\Microsoft VS Code\\resources\\app\\extensions\\markdown-language-features\\media\\markdown.css" (attempt 1)
Feb 12 12:50:14.817 INFO Get file handle: "C:\\Users\\OSJ\\AppData\\Local\\Programs\\Microsoft VS Code\\resources\\app\\extensions\\markdown-language-features\\media\\pre.js" (attempt 1)
Feb 12 12:50:14.817 INFO Get file handle: "C:\\Users\\OSJ\\AppData\\Local\\Programs\\Microsoft VS Code\\resources\\app\\extensions\\markdown-language-features\\media\\preview-dark.svg" (attempt 1)
Feb 12 12:50:14.817 INFO Get file handle: "C:\\Users\\OSJ\\AppData\\Local\\Programs\\Microsoft VS Code\\resources\\app\\extensions\\markdown-language-features\\media\\preview-light.svg" (attempt 1)
Feb 12 12:50:14.817 INFO Reading directory: "C:\\Users\\OSJ\\AppData\\Local\\Programs\\Microsoft VS Code\\resources\\app\\extensions\\markdown-language-features\\notebook-out"
Feb 12 12:50:14.817 INFO Get file handle: "C:\\Users\\OSJ\\AppData\\Local\\Programs\\Microsoft VS Code\\resources\\app\\extensions\\markdown-language-features\\notebook-out\\index.js" (attempt 1)
Feb 12 12:50:14.817 INFO Reading directory: "C:\\Users\\OSJ\\AppData\\Local\\Programs\\Microsoft VS Code\\resources\\app\\extensions\\markdown-language-features\\schemas"
Feb 12 12:50:14.817 INFO Get file handle: "C:\\Users\\OSJ\\AppData\\Local\\Programs\\Microsoft VS Code\\resources\\app\\extensions\\markdown-language-features\\schemas\\package.schema.json" (attempt 1)
Feb 12 12:50:14.817 INFO Reading directory: "C:\\Users\\OSJ\\AppData\\Local\\Programs\\Microsoft VS Code\\resources\\app\\extensions\\markdown-language-features\\server"
Feb 12 12:50:14.817 INFO Get file handle: "C:\\Users\\OSJ\\AppData\\Local\\Programs\\Microsoft VS Code\\resources\\app\\extensions\\markdown-language-features\\server\\package.json" (attempt 1)
Feb 12 12:50:14.817 INFO Get file handle: "C:\\Users\\OSJ\\AppData\\Local\\Programs\\Microsoft VS Code\\resources\\app\\extensions\\markdown-language-features\\server\\README.md" (attempt 1)
Feb 12 12:50:14.817 INFO Reading directory: "C:\\Users\\OSJ\\AppData\\Local\\Programs\\Microsoft VS Code\\resources\\app\\extensions\\markdown-math\\dist"
Feb 12 12:50:14.817 INFO Get file handle: "C:\\Users\\OSJ\\AppData\\Local\\Programs\\Microsoft VS Code\\resources\\app\\extensions\\markdown-math\\dist\\extension.js" (attempt 1)
Feb 12 12:50:14.817 INFO Reading directory: "C:\\Users\\OSJ\\AppData\\Local\\Programs\\Microsoft VS Code\\resources\\app\\extensions\\markdown-math\\notebook-out"
Feb 12 12:50:14.817 INFO Get file handle: "C:\\Users\\OSJ\\AppData\\Local\\Programs\\Microsoft VS Code\\resources\\app\\extensions\\markdown-math\\notebook-out\\katex.js" (attempt 1)
Feb 12 12:50:14.817 INFO Get file handle: "C:\\Users\\OSJ\\AppData\\Local\\Programs\\Microsoft VS Code\\resources\\app\\extensions\\markdown-math\\notebook-out\\katex.min.css" (attempt 1)
Feb 12 12:50:14.818 INFO Reading directory: "C:\\Users\\OSJ\\AppData\\Local\\Programs\\Microsoft VS Code\\resources\\app\\extensions\\markdown-math\\preview-styles"
Feb 12 12:50:14.818 INFO Get file handle: "C:\\Users\\OSJ\\AppData\\Local\\Programs\\Microsoft VS Code\\resources\\app\\extensions\\markdown-math\\preview-styles\\index.css" (attempt 1)
Feb 12 12:50:14.818 INFO Reading directory: "C:\\Users\\OSJ\\AppData\\Local\\Programs\\Microsoft VS Code\\resources\\app\\extensions\\markdown-math\\syntaxes"
Feb 12 12:50:14.818 INFO Get file handle: "C:\\Users\\OSJ\\AppData\\Local\\Programs\\Microsoft VS Code\\resources\\app\\extensions\\markdown-math\\syntaxes\\md-math-block.tmLanguage.json" (attempt 1)
Feb 12 12:50:14.818 INFO Get file handle: "C:\\Users\\OSJ\\AppData\\Local\\Programs\\Microsoft VS Code\\resources\\app\\extensions\\markdown-math\\syntaxes\\md-math-inline.tmLanguage.json" (attempt 1)
Feb 12 12:50:14.818 INFO Get file handle: "C:\\Users\\OSJ\\AppData\\Local\\Programs\\Microsoft VS Code\\resources\\app\\extensions\\markdown-math\\syntaxes\\md-math.tmLanguage.json" (attempt 1)
Feb 12 12:50:14.818 INFO Reading directory: "C:\\Users\\OSJ\\AppData\\Local\\Programs\\Microsoft VS Code\\resources\\app\\extensions\\media-preview\\dist"
Feb 12 12:50:14.818 INFO Get file handle: "C:\\Users\\OSJ\\AppData\\Local\\Programs\\Microsoft VS Code\\resources\\app\\extensions\\media-preview\\dist\\extension.js" (attempt 1)
Feb 12 12:50:14.818 INFO Reading directory: "C:\\Users\\OSJ\\AppData\\Local\\Programs\\Microsoft VS Code\\resources\\app\\extensions\\media-preview\\media"
Feb 12 12:50:14.818 INFO Get file handle: "C:\\Users\\OSJ\\AppData\\Local\\Programs\\Microsoft VS Code\\resources\\app\\extensions\\media-preview\\media\\audioPreview.css" (attempt 1)
Feb 12 12:50:14.818 INFO Get file handle: "C:\\Users\\OSJ\\AppData\\Local\\Programs\\Microsoft VS Code\\resources\\app\\extensions\\media-preview\\media\\audioPreview.js" (attempt 1)
Feb 12 12:50:14.818 INFO Get file handle: "C:\\Users\\OSJ\\AppData\\Local\\Programs\\Microsoft VS Code\\resources\\app\\extensions\\media-preview\\media\\imagePreview.css" (attempt 1)
Feb 12 12:50:14.818 INFO Get file handle: "C:\\Users\\OSJ\\AppData\\Local\\Programs\\Microsoft VS Code\\resources\\app\\extensions\\media-preview\\media\\imagePreview.js" (attempt 1)
Feb 12 12:50:14.818 INFO Get file handle: "C:\\Users\\OSJ\\AppData\\Local\\Programs\\Microsoft VS Code\\resources\\app\\extensions\\media-preview\\media\\loading-dark.svg" (attempt 1)
Feb 12 12:50:14.818 INFO Get file handle: "C:\\Users\\OSJ\\AppData\\Local\\Programs\\Microsoft VS Code\\resources\\app\\extensions\\media-preview\\media\\loading-hc.svg" (attempt 1)
Feb 12 12:50:14.818 INFO Get file handle: "C:\\Users\\OSJ\\AppData\\Local\\Programs\\Microsoft VS Code\\resources\\app\\extensions\\media-preview\\media\\loading.svg" (attempt 1)
Feb 12 12:50:14.818 INFO Get file handle: "C:\\Users\\OSJ\\AppData\\Local\\Programs\\Microsoft VS Code\\resources\\app\\extensions\\media-preview\\media\\videoPreview.css" (attempt 1)
Feb 12 12:50:14.818 INFO Get file handle: "C:\\Users\\OSJ\\AppData\\Local\\Programs\\Microsoft VS Code\\resources\\app\\extensions\\media-preview\\media\\videoPreview.js" (attempt 1)
Feb 12 12:50:14.818 INFO Reading directory: "C:\\Users\\OSJ\\AppData\\Local\\Programs\\Microsoft VS Code\\resources\\app\\extensions\\merge-conflict\\dist"
Feb 12 12:50:14.818 INFO Get file handle: "C:\\Users\\OSJ\\AppData\\Local\\Programs\\Microsoft VS Code\\resources\\app\\extensions\\merge-conflict\\dist\\mergeConflictMain.js" (attempt 1)
Feb 12 12:50:14.818 INFO Get file handle: "C:\\Users\\OSJ\\AppData\\Local\\Programs\\Microsoft VS Code\\resources\\app\\extensions\\merge-conflict\\dist\\mergeConflictMain.js.LICENSE.txt" (attempt 1)
Feb 12 12:50:14.819 INFO Reading directory: "C:\\Users\\OSJ\\AppData\\Local\\Programs\\Microsoft VS Code\\resources\\app\\extensions\\merge-conflict\\media"
Feb 12 12:50:14.819 INFO Get file handle: "C:\\Users\\OSJ\\AppData\\Local\\Programs\\Microsoft VS Code\\resources\\app\\extensions\\merge-conflict\\media\\icon.png" (attempt 1)
Feb 12 12:50:14.819 INFO Reading directory: "C:\\Users\\OSJ\\AppData\\Local\\Programs\\Microsoft VS Code\\resources\\app\\extensions\\microsoft-authentication\\dist"
Feb 12 12:50:14.819 INFO Get file handle: "C:\\Users\\OSJ\\AppData\\Local\\Programs\\Microsoft VS Code\\resources\\app\\extensions\\microsoft-authentication\\dist\\extension.js" (attempt 1)
Feb 12 12:50:14.819 INFO Get file handle: "C:\\Users\\OSJ\\AppData\\Local\\Programs\\Microsoft VS Code\\resources\\app\\extensions\\microsoft-authentication\\dist\\extension.js.LICENSE.txt" (attempt 1)
Feb 12 12:50:14.819 INFO Reading directory: "C:\\Users\\OSJ\\AppData\\Local\\Programs\\Microsoft VS Code\\resources\\app\\extensions\\microsoft-authentication\\media"
Feb 12 12:50:14.819 INFO Get file handle: "C:\\Users\\OSJ\\AppData\\Local\\Programs\\Microsoft VS Code\\resources\\app\\extensions\\microsoft-authentication\\media\\auth.css" (attempt 1)
Feb 12 12:50:14.819 INFO Get file handle: "C:\\Users\\OSJ\\AppData\\Local\\Programs\\Microsoft VS Code\\resources\\app\\extensions\\microsoft-authentication\\media\\favicon.ico" (attempt 1)
Feb 12 12:50:14.819 INFO Get file handle: "C:\\Users\\OSJ\\AppData\\Local\\Programs\\Microsoft VS Code\\resources\\app\\extensions\\microsoft-authentication\\media\\icon.png" (attempt 1)
Feb 12 12:50:14.819 INFO Get file handle: "C:\\Users\\OSJ\\AppData\\Local\\Programs\\Microsoft VS Code\\resources\\app\\extensions\\microsoft-authentication\\media\\index.html" (attempt 1)
Feb 12 12:50:14.819 INFO Reading directory: "C:\\Users\\OSJ\\AppData\\Local\\Programs\\Microsoft VS Code\\resources\\app\\extensions\\ms-vscode-remote.remote-wsl-recommender\\dist"
Feb 12 12:50:14.819 INFO Get file handle: "C:\\Users\\OSJ\\AppData\\Local\\Programs\\Microsoft VS Code\\resources\\app\\extensions\\ms-vscode-remote.remote-wsl-recommender\\dist\\extension.js" (attempt 1)
Feb 12 12:50:14.819 INFO Get file handle: "C:\\Users\\OSJ\\AppData\\Local\\Programs\\Microsoft VS Code\\resources\\app\\extensions\\ms-vscode-remote.remote-wsl-recommender\\dist\\extension.js.LICENSE.txt" (attempt 1)
Feb 12 12:50:14.819 INFO Get file handle: "C:\\Users\\OSJ\\AppData\\Local\\Programs\\Microsoft VS Code\\resources\\app\\extensions\\ms-vscode-remote.remote-wsl-recommender\\dist\\nls.metadata.header.json" (attempt 1)
Feb 12 12:50:14.819 INFO Get file handle: "C:\\Users\\OSJ\\AppData\\Local\\Programs\\Microsoft VS Code\\resources\\app\\extensions\\ms-vscode-remote.remote-wsl-recommender\\dist\\nls.metadata.json" (attempt 1)
Feb 12 12:50:14.819 INFO Reading directory: "C:\\Users\\OSJ\\AppData\\Local\\Programs\\Microsoft VS Code\\resources\\app\\extensions\\ms-vscode-remote.remote-wsl-recommender\\resources"
Feb 12 12:50:14.819 INFO Get file handle: "C:\\Users\\OSJ\\AppData\\Local\\Programs\\Microsoft VS Code\\resources\\app\\extensions\\ms-vscode-remote.remote-wsl-recommender\\resources\\remote-wsl.png" (attempt 1)
Feb 12 12:50:14.819 INFO Reading directory: "C:\\Users\\OSJ\\AppData\\Local\\Programs\\Microsoft VS Code\\resources\\app\\extensions\\ms-vscode.js-debug\\l10n-extract"
Feb 12 12:50:14.819 INFO Get file handle: "C:\\Users\\OSJ\\AppData\\Local\\Programs\\Microsoft VS Code\\resources\\app\\extensions\\ms-vscode.js-debug\\l10n-extract\\bundle.l10n.json" (attempt 1)
Feb 12 12:50:14.819 INFO Reading directory: "C:\\Users\\OSJ\\AppData\\Local\\Programs\\Microsoft VS Code\\resources\\app\\extensions\\ms-vscode.js-debug\\resources"
Feb 12 12:50:14.819 INFO Get file handle: "C:\\Users\\OSJ\\AppData\\Local\\Programs\\Microsoft VS Code\\resources\\app\\extensions\\ms-vscode.js-debug\\resources\\logo.png" (attempt 1)
Feb 12 12:50:14.820 INFO Get file handle: "C:\\Users\\OSJ\\AppData\\Local\\Programs\\Microsoft VS Code\\resources\\app\\extensions\\ms-vscode.js-debug\\resources\\logo.svg" (attempt 1)
Feb 12 12:50:14.820 INFO Reading directory: "C:\\Users\\OSJ\\AppData\\Local\\Programs\\Microsoft VS Code\\resources\\app\\extensions\\ms-vscode.js-debug\\src"
Feb 12 12:50:14.820 INFO Get file handle: "C:\\Users\\OSJ\\AppData\\Local\\Programs\\Microsoft VS Code\\resources\\app\\extensions\\ms-vscode.js-debug\\src\\25b0f220a897d7433728f6f34169bdbf.node" (attempt 1)
Feb 12 12:50:14.820 INFO Get file handle: "C:\\Users\\OSJ\\AppData\\Local\\Programs\\Microsoft VS Code\\resources\\app\\extensions\\ms-vscode.js-debug\\src\\bootloader.bundle.js" (attempt 1)
Feb 12 12:50:14.820 INFO Get file handle: "C:\\Users\\OSJ\\AppData\\Local\\Programs\\Microsoft VS Code\\resources\\app\\extensions\\ms-vscode.js-debug\\src\\bootloader.bundle.js.LICENSE.txt" (attempt 1)
Feb 12 12:50:14.820 INFO Get file handle: "C:\\Users\\OSJ\\AppData\\Local\\Programs\\Microsoft VS Code\\resources\\app\\extensions\\ms-vscode.js-debug\\src\\chromehash_bg.wasm" (attempt 1)
Feb 12 12:50:14.820 INFO Get file handle: "C:\\Users\\OSJ\\AppData\\Local\\Programs\\Microsoft VS Code\\resources\\app\\extensions\\ms-vscode.js-debug\\src\\diagnosticTool.bundle.js" (attempt 1)
Feb 12 12:50:14.820 INFO Get file handle: "C:\\Users\\OSJ\\AppData\\Local\\Programs\\Microsoft VS Code\\resources\\app\\extensions\\ms-vscode.js-debug\\src\\extension.js" (attempt 1)
Feb 12 12:50:14.820 INFO Get file handle: "C:\\Users\\OSJ\\AppData\\Local\\Programs\\Microsoft VS Code\\resources\\app\\extensions\\ms-vscode.js-debug\\src\\extension.js.LICENSE.txt" (attempt 1)
Feb 12 12:50:14.820 INFO Get file handle: "C:\\Users\\OSJ\\AppData\\Local\\Programs\\Microsoft VS Code\\resources\\app\\extensions\\ms-vscode.js-debug\\src\\hash.bundle.js" (attempt 1)
Feb 12 12:50:14.820 INFO Get file handle: "C:\\Users\\OSJ\\AppData\\Local\\Programs\\Microsoft VS Code\\resources\\app\\extensions\\ms-vscode.js-debug\\src\\mappings.wasm" (attempt 1)
Feb 12 12:50:14.820 INFO Get file handle: "C:\\Users\\OSJ\\AppData\\Local\\Programs\\Microsoft VS Code\\resources\\app\\extensions\\ms-vscode.js-debug\\src\\terminateProcess.sh" (attempt 1)
Feb 12 12:50:14.820 INFO Get file handle: "C:\\Users\\OSJ\\AppData\\Local\\Programs\\Microsoft VS Code\\resources\\app\\extensions\\ms-vscode.js-debug\\src\\watchdog.bundle.js" (attempt 1)
Feb 12 12:50:14.820 INFO Get file handle: "C:\\Users\\OSJ\\AppData\\Local\\Programs\\Microsoft VS Code\\resources\\app\\extensions\\ms-vscode.js-debug\\src\\watchdog.bundle.js.LICENSE.txt" (attempt 1)
Feb 12 12:50:14.820 INFO Reading directory: "C:\\Users\\OSJ\\AppData\\Local\\Programs\\Microsoft VS Code\\resources\\app\\extensions\\ms-vscode.js-debug-companion\\out"
Feb 12 12:50:14.820 INFO Get file handle: "C:\\Users\\OSJ\\AppData\\Local\\Programs\\Microsoft VS Code\\resources\\app\\extensions\\ms-vscode.js-debug-companion\\out\\extension.js" (attempt 1)
Feb 12 12:50:14.820 INFO Reading directory: "C:\\Users\\OSJ\\AppData\\Local\\Programs\\Microsoft VS Code\\resources\\app\\extensions\\ms-vscode.js-debug-companion\\resources"
Feb 12 12:50:14.820 INFO Get file handle: "C:\\Users\\OSJ\\AppData\\Local\\Programs\\Microsoft VS Code\\resources\\app\\extensions\\ms-vscode.js-debug-companion\\resources\\logo.png" (attempt 1)
Feb 12 12:50:14.820 INFO Reading directory: "C:\\Users\\OSJ\\AppData\\Local\\Programs\\Microsoft VS Code\\resources\\app\\extensions\\ms-vscode.vscode-js-profile-table\\out"
Feb 12 12:50:14.820 INFO Get file handle: "C:\\Users\\OSJ\\AppData\\Local\\Programs\\Microsoft VS Code\\resources\\app\\extensions\\ms-vscode.vscode-js-profile-table\\out\\cpu-client.bundle.js" (attempt 1)
Feb 12 12:50:14.821 INFO Get file handle: "C:\\Users\\OSJ\\AppData\\Local\\Programs\\Microsoft VS Code\\resources\\app\\extensions\\ms-vscode.vscode-js-profile-table\\out\\extension.js" (attempt 1)
Feb 12 12:50:14.821 INFO Get file handle: "C:\\Users\\OSJ\\AppData\\Local\\Programs\\Microsoft VS Code\\resources\\app\\extensions\\ms-vscode.vscode-js-profile-table\\out\\extension.web.js" (attempt 1)
Feb 12 12:50:14.821 INFO Get file handle: "C:\\Users\\OSJ\\AppData\\Local\\Programs\\Microsoft VS Code\\resources\\app\\extensions\\ms-vscode.vscode-js-profile-table\\out\\heap-client.bundle.js" (attempt 1)
Feb 12 12:50:14.821 INFO Reading directory: "C:\\Users\\OSJ\\AppData\\Local\\Programs\\Microsoft VS Code\\resources\\app\\extensions\\ms-vscode.vscode-js-profile-table\\resources"
Feb 12 12:50:14.821 INFO Get file handle: "C:\\Users\\OSJ\\AppData\\Local\\Programs\\Microsoft VS Code\\resources\\app\\extensions\\ms-vscode.vscode-js-profile-table\\resources\\icon.png" (attempt 1)
Feb 12 12:50:14.821 INFO Reading directory: "C:\\Users\\OSJ\\AppData\\Local\\Programs\\Microsoft VS Code\\resources\\app\\extensions\\node_modules\\typescript"
Feb 12 12:50:14.821 INFO Get file handle: "C:\\Users\\OSJ\\AppData\\Local\\Programs\\Microsoft VS Code\\resources\\app\\extensions\\node_modules\\typescript\\package.json" (attempt 1)
Feb 12 12:50:14.821 INFO Reading directory: "C:\\Users\\OSJ\\AppData\\Local\\Programs\\Microsoft VS Code\\resources\\app\\extensions\\notebook-renderers\\renderer-out"
Feb 12 12:50:14.821 INFO Get file handle: "C:\\Users\\OSJ\\AppData\\Local\\Programs\\Microsoft VS Code\\resources\\app\\extensions\\notebook-renderers\\renderer-out\\index.js" (attempt 1)
Feb 12 12:50:14.821 INFO Reading directory: "C:\\Users\\OSJ\\AppData\\Local\\Programs\\Microsoft VS Code\\resources\\app\\extensions\\npm\\dist"
Feb 12 12:50:14.821 INFO Get file handle: "C:\\Users\\OSJ\\AppData\\Local\\Programs\\Microsoft VS Code\\resources\\app\\extensions\\npm\\dist\\npmMain.js" (attempt 1)
Feb 12 12:50:14.821 INFO Get file handle: "C:\\Users\\OSJ\\AppData\\Local\\Programs\\Microsoft VS Code\\resources\\app\\extensions\\npm\\dist\\npmMain.js.LICENSE.txt" (attempt 1)
Feb 12 12:50:14.821 INFO Reading directory: "C:\\Users\\OSJ\\AppData\\Local\\Programs\\Microsoft VS Code\\resources\\app\\extensions\\npm\\images"
Feb 12 12:50:14.821 INFO Get file handle: "C:\\Users\\OSJ\\AppData\\Local\\Programs\\Microsoft VS Code\\resources\\app\\extensions\\npm\\images\\code.svg" (attempt 1)
Feb 12 12:50:14.821 INFO Get file handle: "C:\\Users\\OSJ\\AppData\\Local\\Programs\\Microsoft VS Code\\resources\\app\\extensions\\npm\\images\\npm_icon.png" (attempt 1)
Feb 12 12:50:14.821 INFO Reading directory: "C:\\Users\\OSJ\\AppData\\Local\\Programs\\Microsoft VS Code\\resources\\app\\extensions\\objective-c\\syntaxes"
Feb 12 12:50:14.821 INFO Get file handle: "C:\\Users\\OSJ\\AppData\\Local\\Programs\\Microsoft VS Code\\resources\\app\\extensions\\objective-c\\syntaxes\\objective-c++.tmLanguage.json" (attempt 1)
Feb 12 12:50:14.821 INFO Get file handle: "C:\\Users\\OSJ\\AppData\\Local\\Programs\\Microsoft VS Code\\resources\\app\\extensions\\objective-c\\syntaxes\\objective-c.tmLanguage.json" (attempt 1)
Feb 12 12:50:14.821 INFO Reading directory: "C:\\Users\\OSJ\\AppData\\Local\\Programs\\Microsoft VS Code\\resources\\app\\extensions\\perl\\syntaxes"
Feb 12 12:50:14.821 INFO Get file handle: "C:\\Users\\OSJ\\AppData\\Local\\Programs\\Microsoft VS Code\\resources\\app\\extensions\\perl\\syntaxes\\perl.tmLanguage.json" (attempt 1)
Feb 12 12:50:14.822 INFO Get file handle: "C:\\Users\\OSJ\\AppData\\Local\\Programs\\Microsoft VS Code\\resources\\app\\extensions\\perl\\syntaxes\\perl6.tmLanguage.json" (attempt 1)
Feb 12 12:50:14.822 INFO Reading directory: "C:\\Users\\OSJ\\AppData\\Local\\Programs\\Microsoft VS Code\\resources\\app\\extensions\\php\\snippets"
Feb 12 12:50:14.822 INFO Get file handle: "C:\\Users\\OSJ\\AppData\\Local\\Programs\\Microsoft VS Code\\resources\\app\\extensions\\php\\snippets\\php.code-snippets" (attempt 1)
Feb 12 12:50:14.822 INFO Reading directory: "C:\\Users\\OSJ\\AppData\\Local\\Programs\\Microsoft VS Code\\resources\\app\\extensions\\php\\syntaxes"
Feb 12 12:50:14.822 INFO Get file handle: "C:\\Users\\OSJ\\AppData\\Local\\Programs\\Microsoft VS Code\\resources\\app\\extensions\\php\\syntaxes\\html.tmLanguage.json" (attempt 1)
Feb 12 12:50:14.822 INFO Get file handle: "C:\\Users\\OSJ\\AppData\\Local\\Programs\\Microsoft VS Code\\resources\\app\\extensions\\php\\syntaxes\\php.tmLanguage.json" (attempt 1)
Feb 12 12:50:14.822 INFO Reading directory: "C:\\Users\\OSJ\\AppData\\Local\\Programs\\Microsoft VS Code\\resources\\app\\extensions\\php-language-features\\dist"
Feb 12 12:50:14.822 INFO Get file handle: "C:\\Users\\OSJ\\AppData\\Local\\Programs\\Microsoft VS Code\\resources\\app\\extensions\\php-language-features\\dist\\phpMain.js" (attempt 1)
Feb 12 12:50:14.822 INFO Reading directory: "C:\\Users\\OSJ\\AppData\\Local\\Programs\\Microsoft VS Code\\resources\\app\\extensions\\php-language-features\\icons"
Feb 12 12:50:14.822 INFO Get file handle: "C:\\Users\\OSJ\\AppData\\Local\\Programs\\Microsoft VS Code\\resources\\app\\extensions\\php-language-features\\icons\\logo.png" (attempt 1)
Feb 12 12:50:14.822 INFO Reading directory: "C:\\Users\\OSJ\\AppData\\Local\\Programs\\Microsoft VS Code\\resources\\app\\extensions\\powershell\\syntaxes"
Feb 12 12:50:14.822 INFO Get file handle: "C:\\Users\\OSJ\\AppData\\Local\\Programs\\Microsoft VS Code\\resources\\app\\extensions\\powershell\\syntaxes\\powershell.tmLanguage.json" (attempt 1)
Feb 12 12:50:14.822 INFO Reading directory: "C:\\Users\\OSJ\\AppData\\Local\\Programs\\Microsoft VS Code\\resources\\app\\extensions\\pug\\syntaxes"
Feb 12 12:50:14.822 INFO Get file handle: "C:\\Users\\OSJ\\AppData\\Local\\Programs\\Microsoft VS Code\\resources\\app\\extensions\\pug\\syntaxes\\pug.tmLanguage.json" (attempt 1)
Feb 12 12:50:14.822 INFO Reading directory: "C:\\Users\\OSJ\\AppData\\Local\\Programs\\Microsoft VS Code\\resources\\app\\extensions\\python\\syntaxes"
Feb 12 12:50:14.822 INFO Get file handle: "C:\\Users\\OSJ\\AppData\\Local\\Programs\\Microsoft VS Code\\resources\\app\\extensions\\python\\syntaxes\\MagicPython.tmLanguage.json" (attempt 1)
Feb 12 12:50:14.822 INFO Get file handle: "C:\\Users\\OSJ\\AppData\\Local\\Programs\\Microsoft VS Code\\resources\\app\\extensions\\python\\syntaxes\\MagicRegExp.tmLanguage.json" (attempt 1)
Feb 12 12:50:14.822 INFO Reading directory: "C:\\Users\\OSJ\\AppData\\Local\\Programs\\Microsoft VS Code\\resources\\app\\extensions\\r\\syntaxes"
Feb 12 12:50:14.822 INFO Get file handle: "C:\\Users\\OSJ\\AppData\\Local\\Programs\\Microsoft VS Code\\resources\\app\\extensions\\r\\syntaxes\\r.tmLanguage.json" (attempt 1)
Feb 12 12:50:14.822 INFO Reading directory: "C:\\Users\\OSJ\\AppData\\Local\\Programs\\Microsoft VS Code\\resources\\app\\extensions\\razor\\build"
Feb 12 12:50:14.822 INFO Get file handle: "C:\\Users\\OSJ\\AppData\\Local\\Programs\\Microsoft VS Code\\resources\\app\\extensions\\razor\\build\\update-grammar.mjs" (attempt 1)
Feb 12 12:50:14.823 INFO Reading directory: "C:\\Users\\OSJ\\AppData\\Local\\Programs\\Microsoft VS Code\\resources\\app\\extensions\\razor\\syntaxes"
Feb 12 12:50:14.823 INFO Get file handle: "C:\\Users\\OSJ\\AppData\\Local\\Programs\\Microsoft VS Code\\resources\\app\\extensions\\razor\\syntaxes\\cshtml.tmLanguage.json" (attempt 1)
Feb 12 12:50:14.823 INFO Reading directory: "C:\\Users\\OSJ\\AppData\\Local\\Programs\\Microsoft VS Code\\resources\\app\\extensions\\references-view\\dist"
Feb 12 12:50:14.823 INFO Get file handle: "C:\\Users\\OSJ\\AppData\\Local\\Programs\\Microsoft VS Code\\resources\\app\\extensions\\references-view\\dist\\extension.js" (attempt 1)
Feb 12 12:50:14.823 INFO Reading directory: "C:\\Users\\OSJ\\AppData\\Local\\Programs\\Microsoft VS Code\\resources\\app\\extensions\\references-view\\media"
Feb 12 12:50:14.823 INFO Get file handle: "C:\\Users\\OSJ\\AppData\\Local\\Programs\\Microsoft VS Code\\resources\\app\\extensions\\references-view\\media\\demo.png" (attempt 1)
Feb 12 12:50:14.823 INFO Get file handle: "C:\\Users\\OSJ\\AppData\\Local\\Programs\\Microsoft VS Code\\resources\\app\\extensions\\references-view\\media\\icon.png" (attempt 1)
Feb 12 12:50:14.823 INFO Reading directory: "C:\\Users\\OSJ\\AppData\\Local\\Programs\\Microsoft VS Code\\resources\\app\\extensions\\restructuredtext\\syntaxes"
Feb 12 12:50:14.823 INFO Get file handle: "C:\\Users\\OSJ\\AppData\\Local\\Programs\\Microsoft VS Code\\resources\\app\\extensions\\restructuredtext\\syntaxes\\rst.tmLanguage.json" (attempt 1)
Feb 12 12:50:14.823 INFO Reading directory: "C:\\Users\\OSJ\\AppData\\Local\\Programs\\Microsoft VS Code\\resources\\app\\extensions\\ruby\\syntaxes"
Feb 12 12:50:14.823 INFO Get file handle: "C:\\Users\\OSJ\\AppData\\Local\\Programs\\Microsoft VS Code\\resources\\app\\extensions\\ruby\\syntaxes\\ruby.tmLanguage.json" (attempt 1)
Feb 12 12:50:14.823 INFO Reading directory: "C:\\Users\\OSJ\\AppData\\Local\\Programs\\Microsoft VS Code\\resources\\app\\extensions\\rust\\syntaxes"
Feb 12 12:50:14.823 INFO Get file handle: "C:\\Users\\OSJ\\AppData\\Local\\Programs\\Microsoft VS Code\\resources\\app\\extensions\\rust\\syntaxes\\rust.tmLanguage.json" (attempt 1)
Feb 12 12:50:14.823 INFO Reading directory: "C:\\Users\\OSJ\\AppData\\Local\\Programs\\Microsoft VS Code\\resources\\app\\extensions\\scss\\syntaxes"
Feb 12 12:50:14.823 INFO Get file handle: "C:\\Users\\OSJ\\AppData\\Local\\Programs\\Microsoft VS Code\\resources\\app\\extensions\\scss\\syntaxes\\sassdoc.tmLanguage.json" (attempt 1)
Feb 12 12:50:14.823 INFO Get file handle: "C:\\Users\\OSJ\\AppData\\Local\\Programs\\Microsoft VS Code\\resources\\app\\extensions\\scss\\syntaxes\\scss.tmLanguage.json" (attempt 1)
Feb 12 12:50:14.823 INFO Reading directory: "C:\\Users\\OSJ\\AppData\\Local\\Programs\\Microsoft VS Code\\resources\\app\\extensions\\search-result\\dist"
Feb 12 12:50:14.823 INFO Get file handle: "C:\\Users\\OSJ\\AppData\\Local\\Programs\\Microsoft VS Code\\resources\\app\\extensions\\search-result\\dist\\extension.js" (attempt 1)
Feb 12 12:50:14.823 INFO Reading directory: "C:\\Users\\OSJ\\AppData\\Local\\Programs\\Microsoft VS Code\\resources\\app\\extensions\\search-result\\images"
Feb 12 12:50:14.823 INFO Get file handle: "C:\\Users\\OSJ\\AppData\\Local\\Programs\\Microsoft VS Code\\resources\\app\\extensions\\search-result\\images\\icon.png" (attempt 1)
Feb 12 12:50:14.823 INFO Reading directory: "C:\\Users\\OSJ\\AppData\\Local\\Programs\\Microsoft VS Code\\resources\\app\\extensions\\search-result\\syntaxes"
Feb 12 12:50:14.823 INFO Get file handle: "C:\\Users\\OSJ\\AppData\\Local\\Programs\\Microsoft VS Code\\resources\\app\\extensions\\search-result\\syntaxes\\searchResult.tmLanguage.json" (attempt 1)
Feb 12 12:50:14.823 INFO Reading directory: "C:\\Users\\OSJ\\AppData\\Local\\Programs\\Microsoft VS Code\\resources\\app\\extensions\\shaderlab\\syntaxes"
Feb 12 12:50:14.824 INFO Get file handle: "C:\\Users\\OSJ\\AppData\\Local\\Programs\\Microsoft VS Code\\resources\\app\\extensions\\shaderlab\\syntaxes\\shaderlab.tmLanguage.json" (attempt 1)
Feb 12 12:50:14.824 INFO Reading directory: "C:\\Users\\OSJ\\AppData\\Local\\Programs\\Microsoft VS Code\\resources\\app\\extensions\\shellscript\\syntaxes"
Feb 12 12:50:14.824 INFO Get file handle: "C:\\Users\\OSJ\\AppData\\Local\\Programs\\Microsoft VS Code\\resources\\app\\extensions\\shellscript\\syntaxes\\shell-unix-bash.tmLanguage.json" (attempt 1)
Feb 12 12:50:14.824 INFO Reading directory: "C:\\Users\\OSJ\\AppData\\Local\\Programs\\Microsoft VS Code\\resources\\app\\extensions\\simple-browser\\dist"
Feb 12 12:50:14.824 INFO Get file handle: "C:\\Users\\OSJ\\AppData\\Local\\Programs\\Microsoft VS Code\\resources\\app\\extensions\\simple-browser\\dist\\extension.js" (attempt 1)
Feb 12 12:50:14.824 INFO Reading directory: "C:\\Users\\OSJ\\AppData\\Local\\Programs\\Microsoft VS Code\\resources\\app\\extensions\\simple-browser\\media"
Feb 12 12:50:14.824 INFO Get file handle: "C:\\Users\\OSJ\\AppData\\Local\\Programs\\Microsoft VS Code\\resources\\app\\extensions\\simple-browser\\media\\codicon.css" (attempt 1)
Feb 12 12:50:14.824 INFO Get file handle: "C:\\Users\\OSJ\\AppData\\Local\\Programs\\Microsoft VS Code\\resources\\app\\extensions\\simple-browser\\media\\codicon.ttf" (attempt 1)
Feb 12 12:50:14.824 INFO Get file handle: "C:\\Users\\OSJ\\AppData\\Local\\Programs\\Microsoft VS Code\\resources\\app\\extensions\\simple-browser\\media\\icon.png" (attempt 1)
Feb 12 12:50:14.824 INFO Get file handle: "C:\\Users\\OSJ\\AppData\\Local\\Programs\\Microsoft VS Code\\resources\\app\\extensions\\simple-browser\\media\\index.js" (attempt 1)
Feb 12 12:50:14.824 INFO Get file handle: "C:\\Users\\OSJ\\AppData\\Local\\Programs\\Microsoft VS Code\\resources\\app\\extensions\\simple-browser\\media\\main.css" (attempt 1)
Feb 12 12:50:14.824 INFO Get file handle: "C:\\Users\\OSJ\\AppData\\Local\\Programs\\Microsoft VS Code\\resources\\app\\extensions\\simple-browser\\media\\preview-dark.svg" (attempt 1)
Feb 12 12:50:14.824 INFO Get file handle: "C:\\Users\\OSJ\\AppData\\Local\\Programs\\Microsoft VS Code\\resources\\app\\extensions\\simple-browser\\media\\preview-light.svg" (attempt 1)
Feb 12 12:50:14.824 INFO Reading directory: "C:\\Users\\OSJ\\AppData\\Local\\Programs\\Microsoft VS Code\\resources\\app\\extensions\\sql\\syntaxes"
Feb 12 12:50:14.824 INFO Get file handle: "C:\\Users\\OSJ\\AppData\\Local\\Programs\\Microsoft VS Code\\resources\\app\\extensions\\sql\\syntaxes\\sql.tmLanguage.json" (attempt 1)
Feb 12 12:50:14.824 INFO Reading directory: "C:\\Users\\OSJ\\AppData\\Local\\Programs\\Microsoft VS Code\\resources\\app\\extensions\\swift\\snippets"
Feb 12 12:50:14.824 INFO Get file handle: "C:\\Users\\OSJ\\AppData\\Local\\Programs\\Microsoft VS Code\\resources\\app\\extensions\\swift\\snippets\\swift.code-snippets" (attempt 1)
Feb 12 12:50:14.824 INFO Reading directory: "C:\\Users\\OSJ\\AppData\\Local\\Programs\\Microsoft VS Code\\resources\\app\\extensions\\swift\\syntaxes"
Feb 12 12:50:14.824 INFO Get file handle: "C:\\Users\\OSJ\\AppData\\Local\\Programs\\Microsoft VS Code\\resources\\app\\extensions\\swift\\syntaxes\\swift.tmLanguage.json" (attempt 1)
Feb 12 12:50:14.824 INFO Reading directory: "C:\\Users\\OSJ\\AppData\\Local\\Programs\\Microsoft VS Code\\resources\\app\\extensions\\theme-abyss\\themes"
Feb 12 12:50:14.824 INFO Get file handle: "C:\\Users\\OSJ\\AppData\\Local\\Programs\\Microsoft VS Code\\resources\\app\\extensions\\theme-abyss\\themes\\abyss-color-theme.json" (attempt 1)
Feb 12 12:50:14.824 INFO Reading directory: "C:\\Users\\OSJ\\AppData\\Local\\Programs\\Microsoft VS Code\\resources\\app\\extensions\\theme-defaults\\fileicons"
Feb 12 12:50:14.824 INFO Get file handle: "C:\\Users\\OSJ\\AppData\\Local\\Programs\\Microsoft VS Code\\resources\\app\\extensions\\theme-defaults\\fileicons\\vs_minimal-icon-theme.json" (attempt 1)
Feb 12 12:50:14.825 INFO Reading directory: "C:\\Users\\OSJ\\AppData\\Local\\Programs\\Microsoft VS Code\\resources\\app\\extensions\\theme-defaults\\themes"
Feb 12 12:50:14.825 INFO Get file handle: "C:\\Users\\OSJ\\AppData\\Local\\Programs\\Microsoft VS Code\\resources\\app\\extensions\\theme-defaults\\themes\\dark_plus.json" (attempt 1)
Feb 12 12:50:14.825 INFO Get file handle: "C:\\Users\\OSJ\\AppData\\Local\\Programs\\Microsoft VS Code\\resources\\app\\extensions\\theme-defaults\\themes\\dark_plus_experimental.json" (attempt 1)
Feb 12 12:50:14.825 INFO Get file handle: "C:\\Users\\OSJ\\AppData\\Local\\Programs\\Microsoft VS Code\\resources\\app\\extensions\\theme-defaults\\themes\\dark_vs.json" (attempt 1)
Feb 12 12:50:14.825 INFO Get file handle: "C:\\Users\\OSJ\\AppData\\Local\\Programs\\Microsoft VS Code\\resources\\app\\extensions\\theme-defaults\\themes\\hc_black.json" (attempt 1)
Feb 12 12:50:14.825 INFO Get file handle: "C:\\Users\\OSJ\\AppData\\Local\\Programs\\Microsoft VS Code\\resources\\app\\extensions\\theme-defaults\\themes\\hc_light.json" (attempt 1)
Feb 12 12:50:14.825 INFO Get file handle: "C:\\Users\\OSJ\\AppData\\Local\\Programs\\Microsoft VS Code\\resources\\app\\extensions\\theme-defaults\\themes\\light_plus.json" (attempt 1)
Feb 12 12:50:14.825 INFO Get file handle: "C:\\Users\\OSJ\\AppData\\Local\\Programs\\Microsoft VS Code\\resources\\app\\extensions\\theme-defaults\\themes\\light_plus_experimental.json" (attempt 1)
Feb 12 12:50:14.825 INFO Get file handle: "C:\\Users\\OSJ\\AppData\\Local\\Programs\\Microsoft VS Code\\resources\\app\\extensions\\theme-defaults\\themes\\light_vs.json" (attempt 1)
Feb 12 12:50:14.825 INFO Reading directory: "C:\\Users\\OSJ\\AppData\\Local\\Programs\\Microsoft VS Code\\resources\\app\\extensions\\theme-kimbie-dark\\themes"
Feb 12 12:50:14.825 INFO Get file handle: "C:\\Users\\OSJ\\AppData\\Local\\Programs\\Microsoft VS Code\\resources\\app\\extensions\\theme-kimbie-dark\\themes\\kimbie-dark-color-theme.json" (attempt 1)
Feb 12 12:50:14.825 INFO Reading directory: "C:\\Users\\OSJ\\AppData\\Local\\Programs\\Microsoft VS Code\\resources\\app\\extensions\\theme-monokai\\themes"
Feb 12 12:50:14.825 INFO Get file handle: "C:\\Users\\OSJ\\AppData\\Local\\Programs\\Microsoft VS Code\\resources\\app\\extensions\\theme-monokai\\themes\\monokai-color-theme.json" (attempt 1)
Feb 12 12:50:14.825 INFO Reading directory: "C:\\Users\\OSJ\\AppData\\Local\\Programs\\Microsoft VS Code\\resources\\app\\extensions\\theme-monokai-dimmed\\themes"
Feb 12 12:50:14.825 INFO Get file handle: "C:\\Users\\OSJ\\AppData\\Local\\Programs\\Microsoft VS Code\\resources\\app\\extensions\\theme-monokai-dimmed\\themes\\dimmed-monokai-color-theme.json" (attempt 1)
Feb 12 12:50:14.825 INFO Reading directory: "C:\\Users\\OSJ\\AppData\\Local\\Programs\\Microsoft VS Code\\resources\\app\\extensions\\theme-quietlight\\themes"
Feb 12 12:50:14.825 INFO Get file handle: "C:\\Users\\OSJ\\AppData\\Local\\Programs\\Microsoft VS Code\\resources\\app\\extensions\\theme-quietlight\\themes\\quietlight-color-theme.json" (attempt 1)
Feb 12 12:50:14.825 INFO Reading directory: "C:\\Users\\OSJ\\AppData\\Local\\Programs\\Microsoft VS Code\\resources\\app\\extensions\\theme-red\\themes"
Feb 12 12:50:14.825 INFO Get file handle: "C:\\Users\\OSJ\\AppData\\Local\\Programs\\Microsoft VS Code\\resources\\app\\extensions\\theme-red\\themes\\Red-color-theme.json" (attempt 1)
Feb 12 12:50:14.825 INFO Reading directory: "C:\\Users\\OSJ\\AppData\\Local\\Programs\\Microsoft VS Code\\resources\\app\\extensions\\theme-seti\\icons"
Feb 12 12:50:14.825 INFO Get file handle: "C:\\Users\\OSJ\\AppData\\Local\\Programs\\Microsoft VS Code\\resources\\app\\extensions\\theme-seti\\icons\\seti-circular-128x128.png" (attempt 1)
Feb 12 12:50:14.825 INFO Get file handle: "C:\\Users\\OSJ\\AppData\\Local\\Programs\\Microsoft VS Code\\resources\\app\\extensions\\theme-seti\\icons\\seti.woff" (attempt 1)
Feb 12 12:50:14.826 INFO Get file handle: "C:\\Users\\OSJ\\AppData\\Local\\Programs\\Microsoft VS Code\\resources\\app\\extensions\\theme-seti\\icons\\vs-seti-icon-theme.json" (attempt 1)
Feb 12 12:50:14.826 INFO Reading directory: "C:\\Users\\OSJ\\AppData\\Local\\Programs\\Microsoft VS Code\\resources\\app\\extensions\\theme-solarized-dark\\themes"
Feb 12 12:50:14.826 INFO Get file handle: "C:\\Users\\OSJ\\AppData\\Local\\Programs\\Microsoft VS Code\\resources\\app\\extensions\\theme-solarized-dark\\themes\\solarized-dark-color-theme.json" (attempt 1)
Feb 12 12:50:14.826 INFO Reading directory: "C:\\Users\\OSJ\\AppData\\Local\\Programs\\Microsoft VS Code\\resources\\app\\extensions\\theme-solarized-light\\themes"
Feb 12 12:50:14.826 INFO Get file handle: "C:\\Users\\OSJ\\AppData\\Local\\Programs\\Microsoft VS Code\\resources\\app\\extensions\\theme-solarized-light\\themes\\solarized-light-color-theme.json" (attempt 1)
Feb 12 12:50:14.826 INFO Reading directory: "C:\\Users\\OSJ\\AppData\\Local\\Programs\\Microsoft VS Code\\resources\\app\\extensions\\theme-tomorrow-night-blue\\themes"
Feb 12 12:50:14.826 INFO Get file handle: "C:\\Users\\OSJ\\AppData\\Local\\Programs\\Microsoft VS Code\\resources\\app\\extensions\\theme-tomorrow-night-blue\\themes\\tomorrow-night-blue-color-theme.json" (attempt 1)
Feb 12 12:50:14.826 INFO Reading directory: "C:\\Users\\OSJ\\AppData\\Local\\Programs\\Microsoft VS Code\\resources\\app\\extensions\\typescript-basics\\snippets"
Feb 12 12:50:14.826 INFO Get file handle: "C:\\Users\\OSJ\\AppData\\Local\\Programs\\Microsoft VS Code\\resources\\app\\extensions\\typescript-basics\\snippets\\typescript.code-snippets" (attempt 1)
Feb 12 12:50:14.826 INFO Reading directory: "C:\\Users\\OSJ\\AppData\\Local\\Programs\\Microsoft VS Code\\resources\\app\\extensions\\typescript-basics\\syntaxes"
Feb 12 12:50:14.826 INFO Get file handle: "C:\\Users\\OSJ\\AppData\\Local\\Programs\\Microsoft VS Code\\resources\\app\\extensions\\typescript-basics\\syntaxes\\jsdoc.js.injection.tmLanguage.json" (attempt 1)
Feb 12 12:50:14.826 INFO Get file handle: "C:\\Users\\OSJ\\AppData\\Local\\Programs\\Microsoft VS Code\\resources\\app\\extensions\\typescript-basics\\syntaxes\\jsdoc.ts.injection.tmLanguage.json" (attempt 1)
Feb 12 12:50:14.826 INFO Get file handle: "C:\\Users\\OSJ\\AppData\\Local\\Programs\\Microsoft VS Code\\resources\\app\\extensions\\typescript-basics\\syntaxes\\TypeScript.tmLanguage.json" (attempt 1)
Feb 12 12:50:14.826 INFO Get file handle: "C:\\Users\\OSJ\\AppData\\Local\\Programs\\Microsoft VS Code\\resources\\app\\extensions\\typescript-basics\\syntaxes\\TypeScriptReact.tmLanguage.json" (attempt 1)
Feb 12 12:50:14.826 INFO Reading directory: "C:\\Users\\OSJ\\AppData\\Local\\Programs\\Microsoft VS Code\\resources\\app\\extensions\\typescript-language-features\\dist"
Feb 12 12:50:14.826 INFO Get file handle: "C:\\Users\\OSJ\\AppData\\Local\\Programs\\Microsoft VS Code\\resources\\app\\extensions\\typescript-language-features\\dist\\extension.js" (attempt 1)
Feb 12 12:50:14.826 INFO Get file handle: "C:\\Users\\OSJ\\AppData\\Local\\Programs\\Microsoft VS Code\\resources\\app\\extensions\\typescript-language-features\\dist\\extension.js.LICENSE.txt" (attempt 1)
Feb 12 12:50:14.826 INFO Reading directory: "C:\\Users\\OSJ\\AppData\\Local\\Programs\\Microsoft VS Code\\resources\\app\\extensions\\typescript-language-features\\media"
Feb 12 12:50:14.826 INFO Get file handle: "C:\\Users\\OSJ\\AppData\\Local\\Programs\\Microsoft VS Code\\resources\\app\\extensions\\typescript-language-features\\media\\icon.png" (attempt 1)
Feb 12 12:50:14.826 INFO Get file handle: "C:\\Users\\OSJ\\AppData\\Local\\Programs\\Microsoft VS Code\\resources\\app\\extensions\\typescript-language-features\\media\\nodejsWalkthroughIcon.png" (attempt 1)
Feb 12 12:50:14.826 INFO Reading directory: "C:\\Users\\OSJ\\AppData\\Local\\Programs\\Microsoft VS Code\\resources\\app\\extensions\\typescript-language-features\\resources"
Feb 12 12:50:14.827 INFO Reading directory: "C:\\Users\\OSJ\\AppData\\Local\\Programs\\Microsoft VS Code\\resources\\app\\extensions\\typescript-language-features\\schemas"
Feb 12 12:50:14.827 INFO Get file handle: "C:\\Users\\OSJ\\AppData\\Local\\Programs\\Microsoft VS Code\\resources\\app\\extensions\\typescript-language-features\\schemas\\jsconfig.schema.json" (attempt 1)
Feb 12 12:50:14.827 INFO Get file handle: "C:\\Users\\OSJ\\AppData\\Local\\Programs\\Microsoft VS Code\\resources\\app\\extensions\\typescript-language-features\\schemas\\package.schema.json" (attempt 1)
Feb 12 12:50:14.827 INFO Get file handle: "C:\\Users\\OSJ\\AppData\\Local\\Programs\\Microsoft VS Code\\resources\\app\\extensions\\typescript-language-features\\schemas\\tsconfig.schema.json" (attempt 1)
Feb 12 12:50:14.827 INFO Reading directory: "C:\\Users\\OSJ\\AppData\\Local\\Programs\\Microsoft VS Code\\resources\\app\\extensions\\vb\\snippets"
Feb 12 12:50:14.827 INFO Get file handle: "C:\\Users\\OSJ\\AppData\\Local\\Programs\\Microsoft VS Code\\resources\\app\\extensions\\vb\\snippets\\vb.code-snippets" (attempt 1)
Feb 12 12:50:14.827 INFO Reading directory: "C:\\Users\\OSJ\\AppData\\Local\\Programs\\Microsoft VS Code\\resources\\app\\extensions\\vb\\syntaxes"
Feb 12 12:50:14.827 INFO Get file handle: "C:\\Users\\OSJ\\AppData\\Local\\Programs\\Microsoft VS Code\\resources\\app\\extensions\\vb\\syntaxes\\asp-vb-net.tmlanguage.json" (attempt 1)
Feb 12 12:50:14.827 INFO Reading directory: "C:\\Users\\OSJ\\AppData\\Local\\Programs\\Microsoft VS Code\\resources\\app\\extensions\\xml\\syntaxes"
Feb 12 12:50:14.827 INFO Get file handle: "C:\\Users\\OSJ\\AppData\\Local\\Programs\\Microsoft VS Code\\resources\\app\\extensions\\xml\\syntaxes\\xml.tmLanguage.json" (attempt 1)
Feb 12 12:50:14.827 INFO Get file handle: "C:\\Users\\OSJ\\AppData\\Local\\Programs\\Microsoft VS Code\\resources\\app\\extensions\\xml\\syntaxes\\xsl.tmLanguage.json" (attempt 1)
Feb 12 12:50:14.827 INFO Reading directory: "C:\\Users\\OSJ\\AppData\\Local\\Programs\\Microsoft VS Code\\resources\\app\\extensions\\yaml\\syntaxes"
Feb 12 12:50:14.827 INFO Get file handle: "C:\\Users\\OSJ\\AppData\\Local\\Programs\\Microsoft VS Code\\resources\\app\\extensions\\yaml\\syntaxes\\yaml.tmLanguage.json" (attempt 1)
Feb 12 12:50:14.827 INFO Reading directory: "C:\\Users\\OSJ\\AppData\\Local\\Programs\\Microsoft VS Code\\resources\\app\\node_modules.asar.unpacked\\@parcel\\watcher"
Feb 12 12:50:14.827 INFO Reading directory: "C:\\Users\\OSJ\\AppData\\Local\\Programs\\Microsoft VS Code\\resources\\app\\node_modules.asar.unpacked\\@vscode\\ripgrep"
Feb 12 12:50:14.827 INFO Reading directory: "C:\\Users\\OSJ\\AppData\\Local\\Programs\\Microsoft VS Code\\resources\\app\\node_modules.asar.unpacked\\@vscode\\sqlite3"
Feb 12 12:50:14.827 INFO Reading directory: "C:\\Users\\OSJ\\AppData\\Local\\Programs\\Microsoft VS Code\\resources\\app\\node_modules.asar.unpacked\\@vscode\\windows-registry"
Feb 12 12:50:14.827 INFO Reading directory: "C:\\Users\\OSJ\\AppData\\Local\\Programs\\Microsoft VS Code\\resources\\app\\node_modules.asar.unpacked\\keytar\\build"
Feb 12 12:50:14.827 INFO Reading directory: "C:\\Users\\OSJ\\AppData\\Local\\Programs\\Microsoft VS Code\\resources\\app\\node_modules.asar.unpacked\\native-is-elevated\\build"
Feb 12 12:50:14.827 INFO Reading directory: "C:\\Users\\OSJ\\AppData\\Local\\Programs\\Microsoft VS Code\\resources\\app\\node_modules.asar.unpacked\\native-keymap\\build"
Feb 12 12:50:14.827 INFO Reading directory: "C:\\Users\\OSJ\\AppData\\Local\\Programs\\Microsoft VS Code\\resources\\app\\node_modules.asar.unpacked\\native-watchdog\\build"
Feb 12 12:50:14.827 INFO Reading directory: "C:\\Users\\OSJ\\AppData\\Local\\Programs\\Microsoft VS Code\\resources\\app\\node_modules.asar.unpacked\\node-pty\\build"
Feb 12 12:50:14.827 INFO Reading directory: "C:\\Users\\OSJ\\AppData\\Local\\Programs\\Microsoft VS Code\\resources\\app\\node_modules.asar.unpacked\\node-pty\\lib"
Feb 12 12:50:14.828 INFO Reading directory: "C:\\Users\\OSJ\\AppData\\Local\\Programs\\Microsoft VS Code\\resources\\app\\node_modules.asar.unpacked\\node-vsce-sign\\bin"
Feb 12 12:50:14.828 INFO Get file handle: "C:\\Users\\OSJ\\AppData\\Local\\Programs\\Microsoft VS Code\\resources\\app\\node_modules.asar.unpacked\\node-vsce-sign\\bin\\vsce-sign.exe" (attempt 1)
Feb 12 12:50:14.828 INFO Reading directory: "C:\\Users\\OSJ\\AppData\\Local\\Programs\\Microsoft VS Code\\resources\\app\\node_modules.asar.unpacked\\spdlog\\build"
Feb 12 12:50:14.828 INFO Reading directory: "C:\\Users\\OSJ\\AppData\\Local\\Programs\\Microsoft VS Code\\resources\\app\\node_modules.asar.unpacked\\vscode-encrypt\\build"
Feb 12 12:50:14.828 INFO Reading directory: "C:\\Users\\OSJ\\AppData\\Local\\Programs\\Microsoft VS Code\\resources\\app\\node_modules.asar.unpacked\\vscode-oniguruma\\release"
Feb 12 12:50:14.828 INFO Get file handle: "C:\\Users\\OSJ\\AppData\\Local\\Programs\\Microsoft VS Code\\resources\\app\\node_modules.asar.unpacked\\vscode-oniguruma\\release\\onig.wasm" (attempt 1)
Feb 12 12:50:14.828 INFO Reading directory: "C:\\Users\\OSJ\\AppData\\Local\\Programs\\Microsoft VS Code\\resources\\app\\node_modules.asar.unpacked\\vscode-policy-watcher\\build"
Feb 12 12:50:14.828 INFO Reading directory: "C:\\Users\\OSJ\\AppData\\Local\\Programs\\Microsoft VS Code\\resources\\app\\node_modules.asar.unpacked\\vscode-windows-ca-certs\\build"
Feb 12 12:50:14.828 INFO Reading directory: "C:\\Users\\OSJ\\AppData\\Local\\Programs\\Microsoft VS Code\\resources\\app\\node_modules.asar.unpacked\\vsda\\build"
Feb 12 12:50:14.828 INFO Reading directory: "C:\\Users\\OSJ\\AppData\\Local\\Programs\\Microsoft VS Code\\resources\\app\\node_modules.asar.unpacked\\windows-foreground-love\\build"
Feb 12 12:50:14.828 INFO Reading directory: "C:\\Users\\OSJ\\AppData\\Local\\Programs\\Microsoft VS Code\\resources\\app\\node_modules.asar.unpacked\\windows-mutex\\build"
Feb 12 12:50:14.828 INFO Reading directory: "C:\\Users\\OSJ\\AppData\\Local\\Programs\\Microsoft VS Code\\resources\\app\\node_modules.asar.unpacked\\windows-process-tree\\build"
Feb 12 12:50:14.828 INFO Reading directory: "C:\\Users\\OSJ\\AppData\\Local\\Programs\\Microsoft VS Code\\resources\\app\\out\\vs\\base"
Feb 12 12:50:14.828 INFO Reading directory: "C:\\Users\\OSJ\\AppData\\Local\\Programs\\Microsoft VS Code\\resources\\app\\out\\vs\\code"
Feb 12 12:50:14.828 INFO Reading directory: "C:\\Users\\OSJ\\AppData\\Local\\Programs\\Microsoft VS Code\\resources\\app\\out\\vs\\editor"
Feb 12 12:50:14.828 INFO Reading directory: "C:\\Users\\OSJ\\AppData\\Local\\Programs\\Microsoft VS Code\\resources\\app\\out\\vs\\platform"
Feb 12 12:50:14.828 INFO Reading directory: "C:\\Users\\OSJ\\AppData\\Local\\Programs\\Microsoft VS Code\\resources\\app\\out\\vs\\workbench"
Feb 12 12:50:14.828 INFO Get file handle: "C:\\Users\\OSJ\\AppData\\Local\\Programs\\Microsoft VS Code\\resources\\app\\out\\vs\\workbench\\workbench.desktop.main.css" (attempt 1)
Feb 12 12:50:14.828 INFO Get file handle: "C:\\Users\\OSJ\\AppData\\Local\\Programs\\Microsoft VS Code\\resources\\app\\out\\vs\\workbench\\workbench.desktop.main.js" (attempt 1)
Feb 12 12:50:14.828 INFO Get file handle: "C:\\Users\\OSJ\\AppData\\Local\\Programs\\Microsoft VS Code\\resources\\app\\out\\vs\\workbench\\workbench.desktop.main.nls.js" (attempt 1)
Feb 12 12:50:14.828 INFO Reading directory: "C:\\Users\\OSJ\\AppData\\Local\\Programs\\Microsoft VS Code\\resources\\app\\extensions\\css-language-features\\client\\dist"
Feb 12 12:50:14.829 INFO Reading directory: "C:\\Users\\OSJ\\AppData\\Local\\Programs\\Microsoft VS Code\\resources\\app\\extensions\\css-language-features\\server\\dist"
Feb 12 12:50:14.829 INFO Reading directory: "C:\\Users\\OSJ\\AppData\\Local\\Programs\\Microsoft VS Code\\resources\\app\\extensions\\emmet\\dist\\node"
Feb 12 12:50:14.829 INFO Get file handle: "C:\\Users\\OSJ\\AppData\\Local\\Programs\\Microsoft VS Code\\resources\\app\\extensions\\emmet\\dist\\node\\emmetNodeMain.js" (attempt 1)
Feb 12 12:50:14.829 INFO Reading directory: "C:\\Users\\OSJ\\AppData\\Local\\Programs\\Microsoft VS Code\\resources\\app\\extensions\\git\\resources\\icons"
Feb 12 12:50:14.829 INFO Get file handle: "C:\\Users\\OSJ\\AppData\\Local\\Programs\\Microsoft VS Code\\resources\\app\\extensions\\git\\resources\\icons\\git.png" (attempt 1)
Feb 12 12:50:14.829 INFO Reading directory: "C:\\Users\\OSJ\\AppData\\Local\\Programs\\Microsoft VS Code\\resources\\app\\extensions\\git-base\\resources\\icons"
Feb 12 12:50:14.829 INFO Get file handle: "C:\\Users\\OSJ\\AppData\\Local\\Programs\\Microsoft VS Code\\resources\\app\\extensions\\git-base\\resources\\icons\\git.png" (attempt 1)
Feb 12 12:50:14.829 INFO Reading directory: "C:\\Users\\OSJ\\AppData\\Local\\Programs\\Microsoft VS Code\\resources\\app\\extensions\\github\\testWorkspace\\docs"
Feb 12 12:50:14.829 INFO Get file handle: "C:\\Users\\OSJ\\AppData\\Local\\Programs\\Microsoft VS Code\\resources\\app\\extensions\\github\\testWorkspace\\docs\\PULL_REQUEST_TEMPLATE.md" (attempt 1)
Feb 12 12:50:14.829 INFO Reading directory: "C:\\Users\\OSJ\\AppData\\Local\\Programs\\Microsoft VS Code\\resources\\app\\extensions\\github\\testWorkspace\\PULL_REQUEST_TEMPLATE"
Feb 12 12:50:14.829 INFO Get file handle: "C:\\Users\\OSJ\\AppData\\Local\\Programs\\Microsoft VS Code\\resources\\app\\extensions\\github\\testWorkspace\\PULL_REQUEST_TEMPLATE\\a.md" (attempt 1)
Feb 12 12:50:14.829 INFO Get file handle: "C:\\Users\\OSJ\\AppData\\Local\\Programs\\Microsoft VS Code\\resources\\app\\extensions\\github\\testWorkspace\\PULL_REQUEST_TEMPLATE\\b.md" (attempt 1)
Feb 12 12:50:14.829 INFO Get file handle: "C:\\Users\\OSJ\\AppData\\Local\\Programs\\Microsoft VS Code\\resources\\app\\extensions\\github\\testWorkspace\\PULL_REQUEST_TEMPLATE\\x.txt" (attempt 1)
Feb 12 12:50:14.829 INFO Reading directory: "C:\\Users\\OSJ\\AppData\\Local\\Programs\\Microsoft VS Code\\resources\\app\\extensions\\html-language-features\\client\\dist"
Feb 12 12:50:14.829 INFO Reading directory: "C:\\Users\\OSJ\\AppData\\Local\\Programs\\Microsoft VS Code\\resources\\app\\extensions\\html-language-features\\server\\dist"
Feb 12 12:50:14.829 INFO Reading directory: "C:\\Users\\OSJ\\AppData\\Local\\Programs\\Microsoft VS Code\\resources\\app\\extensions\\html-language-features\\server\\lib"
Feb 12 12:50:14.829 INFO Get file handle: "C:\\Users\\OSJ\\AppData\\Local\\Programs\\Microsoft VS Code\\resources\\app\\extensions\\html-language-features\\server\\lib\\jquery.d.ts" (attempt 1)
Feb 12 12:50:14.830 INFO Reading directory: "C:\\Users\\OSJ\\AppData\\Local\\Programs\\Microsoft VS Code\\resources\\app\\extensions\\json-language-features\\client\\dist"
Feb 12 12:50:14.830 INFO Reading directory: "C:\\Users\\OSJ\\AppData\\Local\\Programs\\Microsoft VS Code\\resources\\app\\extensions\\json-language-features\\server\\dist"
Feb 12 12:50:14.830 INFO Reading directory: "C:\\Users\\OSJ\\AppData\\Local\\Programs\\Microsoft VS Code\\resources\\app\\extensions\\markdown-language-features\\server\\dist"
Feb 12 12:50:14.830 INFO Reading directory: "C:\\Users\\OSJ\\AppData\\Local\\Programs\\Microsoft VS Code\\resources\\app\\extensions\\markdown-math\\notebook-out\\fonts"
Feb 12 12:50:14.830 INFO Get file handle: "C:\\Users\\OSJ\\AppData\\Local\\Programs\\Microsoft VS Code\\resources\\app\\extensions\\markdown-math\\notebook-out\\fonts\\KaTeX_AMS-Regular.woff2" (attempt 1)
Feb 12 12:50:14.830 INFO Get file handle: "C:\\Users\\OSJ\\AppData\\Local\\Programs\\Microsoft VS Code\\resources\\app\\extensions\\markdown-math\\notebook-out\\fonts\\KaTeX_Caligraphic-Bold.woff2" (attempt 1)
Feb 12 12:50:14.830 INFO Get file handle: "C:\\Users\\OSJ\\AppData\\Local\\Programs\\Microsoft VS Code\\resources\\app\\extensions\\markdown-math\\notebook-out\\fonts\\KaTeX_Caligraphic-Regular.woff2" (attempt 1)
Feb 12 12:50:14.830 INFO Get file handle: "C:\\Users\\OSJ\\AppData\\Local\\Programs\\Microsoft VS Code\\resources\\app\\extensions\\markdown-math\\notebook-out\\fonts\\KaTeX_Fraktur-Bold.woff2" (attempt 1)
Feb 12 12:50:14.830 INFO Get file handle: "C:\\Users\\OSJ\\AppData\\Local\\Programs\\Microsoft VS Code\\resources\\app\\extensions\\markdown-math\\notebook-out\\fonts\\KaTeX_Fraktur-Regular.woff2" (attempt 1)
Feb 12 12:50:14.830 INFO Get file handle: "C:\\Users\\OSJ\\AppData\\Local\\Programs\\Microsoft VS Code\\resources\\app\\extensions\\markdown-math\\notebook-out\\fonts\\KaTeX_Main-Bold.woff2" (attempt 1)
Feb 12 12:50:14.830 INFO Get file handle: "C:\\Users\\OSJ\\AppData\\Local\\Programs\\Microsoft VS Code\\resources\\app\\extensions\\markdown-math\\notebook-out\\fonts\\KaTeX_Main-BoldItalic.woff2" (attempt 1)
Feb 12 12:50:14.830 INFO Get file handle: "C:\\Users\\OSJ\\AppData\\Local\\Programs\\Microsoft VS Code\\resources\\app\\extensions\\markdown-math\\notebook-out\\fonts\\KaTeX_Main-Italic.woff2" (attempt 1)
Feb 12 12:50:14.830 INFO Get file handle: "C:\\Users\\OSJ\\AppData\\Local\\Programs\\Microsoft VS Code\\resources\\app\\extensions\\markdown-math\\notebook-out\\fonts\\KaTeX_Main-Regular.woff2" (attempt 1)
Feb 12 12:50:14.830 INFO Get file handle: "C:\\Users\\OSJ\\AppData\\Local\\Programs\\Microsoft VS Code\\resources\\app\\extensions\\markdown-math\\notebook-out\\fonts\\KaTeX_Math-BoldItalic.woff2" (attempt 1)
Feb 12 12:50:14.830 INFO Get file handle: "C:\\Users\\OSJ\\AppData\\Local\\Programs\\Microsoft VS Code\\resources\\app\\extensions\\markdown-math\\notebook-out\\fonts\\KaTeX_Math-Italic.woff2" (attempt 1)
Feb 12 12:50:14.830 INFO Get file handle: "C:\\Users\\OSJ\\AppData\\Local\\Programs\\Microsoft VS Code\\resources\\app\\extensions\\markdown-math\\notebook-out\\fonts\\KaTeX_SansSerif-Bold.woff2" (attempt 1)
Feb 12 12:50:14.831 INFO Get file handle: "C:\\Users\\OSJ\\AppData\\Local\\Programs\\Microsoft VS Code\\resources\\app\\extensions\\markdown-math\\notebook-out\\fonts\\KaTeX_SansSerif-Italic.woff2" (attempt 1)
Feb 12 12:50:14.831 INFO Get file handle: "C:\\Users\\OSJ\\AppData\\Local\\Programs\\Microsoft VS Code\\resources\\app\\extensions\\markdown-math\\notebook-out\\fonts\\KaTeX_SansSerif-Regular.woff2" (attempt 1)
Feb 12 12:50:14.831 INFO Get file handle: "C:\\Users\\OSJ\\AppData\\Local\\Programs\\Microsoft VS Code\\resources\\app\\extensions\\markdown-math\\notebook-out\\fonts\\KaTeX_Script-Regular.woff2" (attempt 1)
Feb 12 12:50:14.831 INFO Get file handle: "C:\\Users\\OSJ\\AppData\\Local\\Programs\\Microsoft VS Code\\resources\\app\\extensions\\markdown-math\\notebook-out\\fonts\\KaTeX_Size1-Regular.woff2" (attempt 1)
Feb 12 12:50:14.831 INFO Get file handle: "C:\\Users\\OSJ\\AppData\\Local\\Programs\\Microsoft VS Code\\resources\\app\\extensions\\markdown-math\\notebook-out\\fonts\\KaTeX_Size2-Regular.woff2" (attempt 1)
Feb 12 12:50:14.831 INFO Get file handle: "C:\\Users\\OSJ\\AppData\\Local\\Programs\\Microsoft VS Code\\resources\\app\\extensions\\markdown-math\\notebook-out\\fonts\\KaTeX_Size3-Regular.woff2" (attempt 1)
Feb 12 12:50:14.831 INFO Get file handle: "C:\\Users\\OSJ\\AppData\\Local\\Programs\\Microsoft VS Code\\resources\\app\\extensions\\markdown-math\\notebook-out\\fonts\\KaTeX_Size4-Regular.woff2" (attempt 1)
Feb 12 12:50:14.831 INFO Get file handle: "C:\\Users\\OSJ\\AppData\\Local\\Programs\\Microsoft VS Code\\resources\\app\\extensions\\markdown-math\\notebook-out\\fonts\\KaTeX_Typewriter-Regular.woff2" (attempt 1)
Feb 12 12:50:14.831 INFO Reading directory: "C:\\Users\\OSJ\\AppData\\Local\\Programs\\Microsoft VS Code\\resources\\app\\extensions\\ms-vscode.js-debug\\resources\\dark"
Feb 12 12:50:14.831 INFO Get file handle: "C:\\Users\\OSJ\\AppData\\Local\\Programs\\Microsoft VS Code\\resources\\app\\extensions\\ms-vscode.js-debug\\resources\\dark\\configure.svg" (attempt 1)
Feb 12 12:50:14.831 INFO Get file handle: "C:\\Users\\OSJ\\AppData\\Local\\Programs\\Microsoft VS Code\\resources\\app\\extensions\\ms-vscode.js-debug\\resources\\dark\\connect.svg" (attempt 1)
Feb 12 12:50:14.831 INFO Get file handle: "C:\\Users\\OSJ\\AppData\\Local\\Programs\\Microsoft VS Code\\resources\\app\\extensions\\ms-vscode.js-debug\\resources\\dark\\disconnect.svg" (attempt 1)
Feb 12 12:50:14.831 INFO Get file handle: "C:\\Users\\OSJ\\AppData\\Local\\Programs\\Microsoft VS Code\\resources\\app\\extensions\\ms-vscode.js-debug\\resources\\dark\\node.svg" (attempt 1)
Feb 12 12:50:14.831 INFO Get file handle: "C:\\Users\\OSJ\\AppData\\Local\\Programs\\Microsoft VS Code\\resources\\app\\extensions\\ms-vscode.js-debug\\resources\\dark\\open-file.svg" (attempt 1)
Feb 12 12:50:14.831 INFO Get file handle: "C:\\Users\\OSJ\\AppData\\Local\\Programs\\Microsoft VS Code\\resources\\app\\extensions\\ms-vscode.js-debug\\resources\\dark\\page.svg" (attempt 1)
Feb 12 12:50:14.831 INFO Get file handle: "C:\\Users\\OSJ\\AppData\\Local\\Programs\\Microsoft VS Code\\resources\\app\\extensions\\ms-vscode.js-debug\\resources\\dark\\pause.svg" (attempt 1)
Feb 12 12:50:14.831 INFO Get file handle: "C:\\Users\\OSJ\\AppData\\Local\\Programs\\Microsoft VS Code\\resources\\app\\extensions\\ms-vscode.js-debug\\resources\\dark\\restart.svg" (attempt 1)
Feb 12 12:50:14.831 INFO Get file handle: "C:\\Users\\OSJ\\AppData\\Local\\Programs\\Microsoft VS Code\\resources\\app\\extensions\\ms-vscode.js-debug\\resources\\dark\\resume.svg" (attempt 1)
Feb 12 12:50:14.831 INFO Get file handle: "C:\\Users\\OSJ\\AppData\\Local\\Programs\\Microsoft VS Code\\resources\\app\\extensions\\ms-vscode.js-debug\\resources\\dark\\service-worker.svg" (attempt 1)
Feb 12 12:50:14.832 INFO Get file handle: "C:\\Users\\OSJ\\AppData\\Local\\Programs\\Microsoft VS Code\\resources\\app\\extensions\\ms-vscode.js-debug\\resources\\dark\\stop-profiling.svg" (attempt 1)
Feb 12 12:50:14.832 INFO Get file handle: "C:\\Users\\OSJ\\AppData\\Local\\Programs\\Microsoft VS Code\\resources\\app\\extensions\\ms-vscode.js-debug\\resources\\dark\\stop.svg" (attempt 1)
Feb 12 12:50:14.832 INFO Get file handle: "C:\\Users\\OSJ\\AppData\\Local\\Programs\\Microsoft VS Code\\resources\\app\\extensions\\ms-vscode.js-debug\\resources\\dark\\worker.svg" (attempt 1)
Feb 12 12:50:14.832 INFO Reading directory: "C:\\Users\\OSJ\\AppData\\Local\\Programs\\Microsoft VS Code\\resources\\app\\extensions\\ms-vscode.js-debug\\resources\\light"
Feb 12 12:50:14.832 INFO Get file handle: "C:\\Users\\OSJ\\AppData\\Local\\Programs\\Microsoft VS Code\\resources\\app\\extensions\\ms-vscode.js-debug\\resources\\light\\configure.svg" (attempt 1)
Feb 12 12:50:14.832 INFO Get file handle: "C:\\Users\\OSJ\\AppData\\Local\\Programs\\Microsoft VS Code\\resources\\app\\extensions\\ms-vscode.js-debug\\resources\\light\\connect.svg" (attempt 1)
Feb 12 12:50:14.832 INFO Get file handle: "C:\\Users\\OSJ\\AppData\\Local\\Programs\\Microsoft VS Code\\resources\\app\\extensions\\ms-vscode.js-debug\\resources\\light\\disconnect.svg" (attempt 1)
Feb 12 12:50:14.832 INFO Get file handle: "C:\\Users\\OSJ\\AppData\\Local\\Programs\\Microsoft VS Code\\resources\\app\\extensions\\ms-vscode.js-debug\\resources\\light\\node.svg" (attempt 1)
Feb 12 12:50:14.832 INFO Get file handle: "C:\\Users\\OSJ\\AppData\\Local\\Programs\\Microsoft VS Code\\resources\\app\\extensions\\ms-vscode.js-debug\\resources\\light\\open-file.svg" (attempt 1)
Feb 12 12:50:14.832 INFO Get file handle: "C:\\Users\\OSJ\\AppData\\Local\\Programs\\Microsoft VS Code\\resources\\app\\extensions\\ms-vscode.js-debug\\resources\\light\\page.svg" (attempt 1)
Feb 12 12:50:14.832 INFO Get file handle: "C:\\Users\\OSJ\\AppData\\Local\\Programs\\Microsoft VS Code\\resources\\app\\extensions\\ms-vscode.js-debug\\resources\\light\\pause.svg" (attempt 1)
Feb 12 12:50:14.832 INFO Get file handle: "C:\\Users\\OSJ\\AppData\\Local\\Programs\\Microsoft VS Code\\resources\\app\\extensions\\ms-vscode.js-debug\\resources\\light\\restart.svg" (attempt 1)
Feb 12 12:50:14.832 INFO Get file handle: "C:\\Users\\OSJ\\AppData\\Local\\Programs\\Microsoft VS Code\\resources\\app\\extensions\\ms-vscode.js-debug\\resources\\light\\resume.svg" (attempt 1)
Feb 12 12:50:14.832 INFO Get file handle: "C:\\Users\\OSJ\\AppData\\Local\\Programs\\Microsoft VS Code\\resources\\app\\extensions\\ms-vscode.js-debug\\resources\\light\\service-worker.svg" (attempt 1)
Feb 12 12:50:14.832 INFO Get file handle: "C:\\Users\\OSJ\\AppData\\Local\\Programs\\Microsoft VS Code\\resources\\app\\extensions\\ms-vscode.js-debug\\resources\\light\\stop.svg" (attempt 1)
Feb 12 12:50:14.832 INFO Get file handle: "C:\\Users\\OSJ\\AppData\\Local\\Programs\\Microsoft VS Code\\resources\\app\\extensions\\ms-vscode.js-debug\\resources\\light\\worker.svg" (attempt 1)
Feb 12 12:50:14.832 INFO Reading directory: "C:\\Users\\OSJ\\AppData\\Local\\Programs\\Microsoft VS Code\\resources\\app\\extensions\\ms-vscode.js-debug\\resources\\readme"
Feb 12 12:50:14.832 INFO Get file handle: "C:\\Users\\OSJ\\AppData\\Local\\Programs\\Microsoft VS Code\\resources\\app\\extensions\\ms-vscode.js-debug\\resources\\readme\\auto-attach.png" (attempt 1)
Feb 12 12:50:14.832 INFO Get file handle: "C:\\Users\\OSJ\\AppData\\Local\\Programs\\Microsoft VS Code\\resources\\app\\extensions\\ms-vscode.js-debug\\resources\\readme\\flame-chart.png" (attempt 1)
Feb 12 12:50:14.832 INFO Get file handle: "C:\\Users\\OSJ\\AppData\\Local\\Programs\\Microsoft VS Code\\resources\\app\\extensions\\ms-vscode.js-debug\\resources\\readme\\instrumentation-breakpoints.png" (attempt 1)
Feb 12 12:50:14.833 INFO Get file handle: "C:\\Users\\OSJ\\AppData\\Local\\Programs\\Microsoft VS Code\\resources\\app\\extensions\\ms-vscode.js-debug\\resources\\readme\\instrumentation-breakpoints2.png" (attempt 1)
Feb 12 12:50:14.833 INFO Get file handle: "C:\\Users\\OSJ\\AppData\\Local\\Programs\\Microsoft VS Code\\resources\\app\\extensions\\ms-vscode.js-debug\\resources\\readme\\link-debugging.gif" (attempt 1)
Feb 12 12:50:14.833 INFO Get file handle: "C:\\Users\\OSJ\\AppData\\Local\\Programs\\Microsoft VS Code\\resources\\app\\extensions\\ms-vscode.js-debug\\resources\\readme\\logo-with-text.png" (attempt 1)
Feb 12 12:50:14.833 INFO Get file handle: "C:\\Users\\OSJ\\AppData\\Local\\Programs\\Microsoft VS Code\\resources\\app\\extensions\\ms-vscode.js-debug\\resources\\readme\\npm-code-lens.png" (attempt 1)
Feb 12 12:50:14.833 INFO Get file handle: "C:\\Users\\OSJ\\AppData\\Local\\Programs\\Microsoft VS Code\\resources\\app\\extensions\\ms-vscode.js-debug\\resources\\readme\\repl-improvements.png" (attempt 1)
Feb 12 12:50:14.833 INFO Get file handle: "C:\\Users\\OSJ\\AppData\\Local\\Programs\\Microsoft VS Code\\resources\\app\\extensions\\ms-vscode.js-debug\\resources\\readme\\returnvalue.png" (attempt 1)
Feb 12 12:50:14.833 INFO Get file handle: "C:\\Users\\OSJ\\AppData\\Local\\Programs\\Microsoft VS Code\\resources\\app\\extensions\\ms-vscode.js-debug\\resources\\readme\\top-level-await.png" (attempt 1)
Feb 12 12:50:14.833 INFO Get file handle: "C:\\Users\\OSJ\\AppData\\Local\\Programs\\Microsoft VS Code\\resources\\app\\extensions\\ms-vscode.js-debug\\resources\\readme\\web-worker.png" (attempt 1)
Feb 12 12:50:14.833 INFO Get file handle: "C:\\Users\\OSJ\\AppData\\Local\\Programs\\Microsoft VS Code\\resources\\app\\extensions\\ms-vscode.js-debug\\resources\\readme\\webview2.png" (attempt 1)
Feb 12 12:50:14.833 INFO Reading directory: "C:\\Users\\OSJ\\AppData\\Local\\Programs\\Microsoft VS Code\\resources\\app\\extensions\\node_modules\\typescript\\lib"
Feb 12 12:50:14.833 INFO Get file handle: "C:\\Users\\OSJ\\AppData\\Local\\Programs\\Microsoft VS Code\\resources\\app\\extensions\\node_modules\\typescript\\lib\\cancellationToken.js" (attempt 1)
Feb 12 12:50:14.833 INFO Get file handle: "C:\\Users\\OSJ\\AppData\\Local\\Programs\\Microsoft VS Code\\resources\\app\\extensions\\node_modules\\typescript\\lib\\dynamicImportCompat.js" (attempt 1)
Feb 12 12:50:14.833 INFO Get file handle: "C:\\Users\\OSJ\\AppData\\Local\\Programs\\Microsoft VS Code\\resources\\app\\extensions\\node_modules\\typescript\\lib\\lib.d.ts" (attempt 1)
Feb 12 12:50:14.833 INFO Get file handle: "C:\\Users\\OSJ\\AppData\\Local\\Programs\\Microsoft VS Code\\resources\\app\\extensions\\node_modules\\typescript\\lib\\lib.dom.d.ts" (attempt 1)
Feb 12 12:50:14.833 INFO Get file handle: "C:\\Users\\OSJ\\AppData\\Local\\Programs\\Microsoft VS Code\\resources\\app\\extensions\\node_modules\\typescript\\lib\\lib.dom.iterable.d.ts" (attempt 1)
Feb 12 12:50:14.833 INFO Get file handle: "C:\\Users\\OSJ\\AppData\\Local\\Programs\\Microsoft VS Code\\resources\\app\\extensions\\node_modules\\typescript\\lib\\lib.es2015.collection.d.ts" (attempt 1)
Feb 12 12:50:14.834 INFO Get file handle: "C:\\Users\\OSJ\\AppData\\Local\\Programs\\Microsoft VS Code\\resources\\app\\extensions\\node_modules\\typescript\\lib\\lib.es2015.core.d.ts" (attempt 1)
Feb 12 12:50:14.834 INFO Get file handle: "C:\\Users\\OSJ\\AppData\\Local\\Programs\\Microsoft VS Code\\resources\\app\\extensions\\node_modules\\typescript\\lib\\lib.es2015.d.ts" (attempt 1)
Feb 12 12:50:14.834 INFO Get file handle: "C:\\Users\\OSJ\\AppData\\Local\\Programs\\Microsoft VS Code\\resources\\app\\extensions\\node_modules\\typescript\\lib\\lib.es2015.generator.d.ts" (attempt 1)
Feb 12 12:50:14.834 INFO Get file handle: "C:\\Users\\OSJ\\AppData\\Local\\Programs\\Microsoft VS Code\\resources\\app\\extensions\\node_modules\\typescript\\lib\\lib.es2015.iterable.d.ts" (attempt 1)
Feb 12 12:50:14.834 INFO Get file handle: "C:\\Users\\OSJ\\AppData\\Local\\Programs\\Microsoft VS Code\\resources\\app\\extensions\\node_modules\\typescript\\lib\\lib.es2015.promise.d.ts" (attempt 1)
Feb 12 12:50:14.834 INFO Get file handle: "C:\\Users\\OSJ\\AppData\\Local\\Programs\\Microsoft VS Code\\resources\\app\\extensions\\node_modules\\typescript\\lib\\lib.es2015.proxy.d.ts" (attempt 1)
Feb 12 12:50:14.834 INFO Get file handle: "C:\\Users\\OSJ\\AppData\\Local\\Programs\\Microsoft VS Code\\resources\\app\\extensions\\node_modules\\typescript\\lib\\lib.es2015.reflect.d.ts" (attempt 1)
Feb 12 12:50:14.834 INFO Get file handle: "C:\\Users\\OSJ\\AppData\\Local\\Programs\\Microsoft VS Code\\resources\\app\\extensions\\node_modules\\typescript\\lib\\lib.es2015.symbol.d.ts" (attempt 1)
Feb 12 12:50:14.834 INFO Get file handle: "C:\\Users\\OSJ\\AppData\\Local\\Programs\\Microsoft VS Code\\resources\\app\\extensions\\node_modules\\typescript\\lib\\lib.es2015.symbol.wellknown.d.ts" (attempt 1)
Feb 12 12:50:14.834 INFO Get file handle: "C:\\Users\\OSJ\\AppData\\Local\\Programs\\Microsoft VS Code\\resources\\app\\extensions\\node_modules\\typescript\\lib\\lib.es2016.array.include.d.ts" (attempt 1)
Feb 12 12:50:14.834 INFO Get file handle: "C:\\Users\\OSJ\\AppData\\Local\\Programs\\Microsoft VS Code\\resources\\app\\extensions\\node_modules\\typescript\\lib\\lib.es2016.d.ts" (attempt 1)
Feb 12 12:50:14.834 INFO Get file handle: "C:\\Users\\OSJ\\AppData\\Local\\Programs\\Microsoft VS Code\\resources\\app\\extensions\\node_modules\\typescript\\lib\\lib.es2016.full.d.ts" (attempt 1)
Feb 12 12:50:14.834 INFO Get file handle: "C:\\Users\\OSJ\\AppData\\Local\\Programs\\Microsoft VS Code\\resources\\app\\extensions\\node_modules\\typescript\\lib\\lib.es2017.d.ts" (attempt 1)
Feb 12 12:50:14.834 INFO Get file handle: "C:\\Users\\OSJ\\AppData\\Local\\Programs\\Microsoft VS Code\\resources\\app\\extensions\\node_modules\\typescript\\lib\\lib.es2017.full.d.ts" (attempt 1)
Feb 12 12:50:14.834 INFO Get file handle: "C:\\Users\\OSJ\\AppData\\Local\\Programs\\Microsoft VS Code\\resources\\app\\extensions\\node_modules\\typescript\\lib\\lib.es2017.intl.d.ts" (attempt 1)
Feb 12 12:50:14.834 INFO Get file handle: "C:\\Users\\OSJ\\AppData\\Local\\Programs\\Microsoft VS Code\\resources\\app\\extensions\\node_modules\\typescript\\lib\\lib.es2017.object.d.ts" (attempt 1)
Feb 12 12:50:14.834 INFO Get file handle: "C:\\Users\\OSJ\\AppData\\Local\\Programs\\Microsoft VS Code\\resources\\app\\extensions\\node_modules\\typescript\\lib\\lib.es2017.sharedmemory.d.ts" (attempt 1)
Feb 12 12:50:14.835 INFO Get file handle: "C:\\Users\\OSJ\\AppData\\Local\\Programs\\Microsoft VS Code\\resources\\app\\extensions\\node_modules\\typescript\\lib\\lib.es2017.string.d.ts" (attempt 1)
Feb 12 12:50:14.835 INFO Get file handle: "C:\\Users\\OSJ\\AppData\\Local\\Programs\\Microsoft VS Code\\resources\\app\\extensions\\node_modules\\typescript\\lib\\lib.es2017.typedarrays.d.ts" (attempt 1)
Feb 12 12:50:14.835 INFO Get file handle: "C:\\Users\\OSJ\\AppData\\Local\\Programs\\Microsoft VS Code\\resources\\app\\extensions\\node_modules\\typescript\\lib\\lib.es2018.asyncgenerator.d.ts" (attempt 1)
Feb 12 12:50:14.835 INFO Get file handle: "C:\\Users\\OSJ\\AppData\\Local\\Programs\\Microsoft VS Code\\resources\\app\\extensions\\node_modules\\typescript\\lib\\lib.es2018.asynciterable.d.ts" (attempt 1)
Feb 12 12:50:14.835 INFO Get file handle: "C:\\Users\\OSJ\\AppData\\Local\\Programs\\Microsoft VS Code\\resources\\app\\extensions\\node_modules\\typescript\\lib\\lib.es2018.d.ts" (attempt 1)
Feb 12 12:50:14.835 INFO Get file handle: "C:\\Users\\OSJ\\AppData\\Local\\Programs\\Microsoft VS Code\\resources\\app\\extensions\\node_modules\\typescript\\lib\\lib.es2018.full.d.ts" (attempt 1)
Feb 12 12:50:14.835 INFO Get file handle: "C:\\Users\\OSJ\\AppData\\Local\\Programs\\Microsoft VS Code\\resources\\app\\extensions\\node_modules\\typescript\\lib\\lib.es2018.intl.d.ts" (attempt 1)
Feb 12 12:50:14.835 INFO Get file handle: "C:\\Users\\OSJ\\AppData\\Local\\Programs\\Microsoft VS Code\\resources\\app\\extensions\\node_modules\\typescript\\lib\\lib.es2018.promise.d.ts" (attempt 1)
Feb 12 12:50:14.835 INFO Get file handle: "C:\\Users\\OSJ\\AppData\\Local\\Programs\\Microsoft VS Code\\resources\\app\\extensions\\node_modules\\typescript\\lib\\lib.es2018.regexp.d.ts" (attempt 1)
Feb 12 12:50:14.835 INFO Get file handle: "C:\\Users\\OSJ\\AppData\\Local\\Programs\\Microsoft VS Code\\resources\\app\\extensions\\node_modules\\typescript\\lib\\lib.es2019.array.d.ts" (attempt 1)
Feb 12 12:50:14.835 INFO Get file handle: "C:\\Users\\OSJ\\AppData\\Local\\Programs\\Microsoft VS Code\\resources\\app\\extensions\\node_modules\\typescript\\lib\\lib.es2019.d.ts" (attempt 1)
Feb 12 12:50:14.835 INFO Get file handle: "C:\\Users\\OSJ\\AppData\\Local\\Programs\\Microsoft VS Code\\resources\\app\\extensions\\node_modules\\typescript\\lib\\lib.es2019.full.d.ts" (attempt 1)
Feb 12 12:50:14.835 INFO Get file handle: "C:\\Users\\OSJ\\AppData\\Local\\Programs\\Microsoft VS Code\\resources\\app\\extensions\\node_modules\\typescript\\lib\\lib.es2019.intl.d.ts" (attempt 1)
Feb 12 12:50:14.835 INFO Get file handle: "C:\\Users\\OSJ\\AppData\\Local\\Programs\\Microsoft VS Code\\resources\\app\\extensions\\node_modules\\typescript\\lib\\lib.es2019.object.d.ts" (attempt 1)
Feb 12 12:50:14.835 INFO Get file handle: "C:\\Users\\OSJ\\AppData\\Local\\Programs\\Microsoft VS Code\\resources\\app\\extensions\\node_modules\\typescript\\lib\\lib.es2019.string.d.ts" (attempt 1)
Feb 12 12:50:14.835 INFO Get file handle: "C:\\Users\\OSJ\\AppData\\Local\\Programs\\Microsoft VS Code\\resources\\app\\extensions\\node_modules\\typescript\\lib\\lib.es2019.symbol.d.ts" (attempt 1)
Feb 12 12:50:14.836 INFO Get file handle: "C:\\Users\\OSJ\\AppData\\Local\\Programs\\Microsoft VS Code\\resources\\app\\extensions\\node_modules\\typescript\\lib\\lib.es2020.bigint.d.ts" (attempt 1)
Feb 12 12:50:14.836 INFO Get file handle: "C:\\Users\\OSJ\\AppData\\Local\\Programs\\Microsoft VS Code\\resources\\app\\extensions\\node_modules\\typescript\\lib\\lib.es2020.d.ts" (attempt 1)
Feb 12 12:50:14.836 INFO Get file handle: "C:\\Users\\OSJ\\AppData\\Local\\Programs\\Microsoft VS Code\\resources\\app\\extensions\\node_modules\\typescript\\lib\\lib.es2020.date.d.ts" (attempt 1)
Feb 12 12:50:14.836 INFO Get file handle: "C:\\Users\\OSJ\\AppData\\Local\\Programs\\Microsoft VS Code\\resources\\app\\extensions\\node_modules\\typescript\\lib\\lib.es2020.full.d.ts" (attempt 1)
Feb 12 12:50:14.836 INFO Get file handle: "C:\\Users\\OSJ\\AppData\\Local\\Programs\\Microsoft VS Code\\resources\\app\\extensions\\node_modules\\typescript\\lib\\lib.es2020.intl.d.ts" (attempt 1)
Feb 12 12:50:14.836 INFO Get file handle: "C:\\Users\\OSJ\\AppData\\Local\\Programs\\Microsoft VS Code\\resources\\app\\extensions\\node_modules\\typescript\\lib\\lib.es2020.number.d.ts" (attempt 1)
Feb 12 12:50:14.836 INFO Get file handle: "C:\\Users\\OSJ\\AppData\\Local\\Programs\\Microsoft VS Code\\resources\\app\\extensions\\node_modules\\typescript\\lib\\lib.es2020.promise.d.ts" (attempt 1)
Feb 12 12:50:14.836 INFO Get file handle: "C:\\Users\\OSJ\\AppData\\Local\\Programs\\Microsoft VS Code\\resources\\app\\extensions\\node_modules\\typescript\\lib\\lib.es2020.sharedmemory.d.ts" (attempt 1)
Feb 12 12:50:14.836 INFO Get file handle: "C:\\Users\\OSJ\\AppData\\Local\\Programs\\Microsoft VS Code\\resources\\app\\extensions\\node_modules\\typescript\\lib\\lib.es2020.string.d.ts" (attempt 1)
Feb 12 12:50:14.836 INFO Get file handle: "C:\\Users\\OSJ\\AppData\\Local\\Programs\\Microsoft VS Code\\resources\\app\\extensions\\node_modules\\typescript\\lib\\lib.es2020.symbol.wellknown.d.ts" (attempt 1)
Feb 12 12:50:14.836 INFO Get file handle: "C:\\Users\\OSJ\\AppData\\Local\\Programs\\Microsoft VS Code\\resources\\app\\extensions\\node_modules\\typescript\\lib\\lib.es2021.d.ts" (attempt 1)
Feb 12 12:50:14.836 INFO Get file handle: "C:\\Users\\OSJ\\AppData\\Local\\Programs\\Microsoft VS Code\\resources\\app\\extensions\\node_modules\\typescript\\lib\\lib.es2021.full.d.ts" (attempt 1)
Feb 12 12:50:14.836 INFO Get file handle: "C:\\Users\\OSJ\\AppData\\Local\\Programs\\Microsoft VS Code\\resources\\app\\extensions\\node_modules\\typescript\\lib\\lib.es2021.intl.d.ts" (attempt 1)
Feb 12 12:50:14.837 INFO Get file handle: "C:\\Users\\OSJ\\AppData\\Local\\Programs\\Microsoft VS Code\\resources\\app\\extensions\\node_modules\\typescript\\lib\\lib.es2021.promise.d.ts" (attempt 1)
Feb 12 12:50:14.837 INFO Get file handle: "C:\\Users\\OSJ\\AppData\\Local\\Programs\\Microsoft VS Code\\resources\\app\\extensions\\node_modules\\typescript\\lib\\lib.es2021.string.d.ts" (attempt 1)
Feb 12 12:50:14.837 INFO Get file handle: "C:\\Users\\OSJ\\AppData\\Local\\Programs\\Microsoft VS Code\\resources\\app\\extensions\\node_modules\\typescript\\lib\\lib.es2021.weakref.d.ts" (attempt 1)
Feb 12 12:50:14.837 INFO Get file handle: "C:\\Users\\OSJ\\AppData\\Local\\Programs\\Microsoft VS Code\\resources\\app\\extensions\\node_modules\\typescript\\lib\\lib.es2022.array.d.ts" (attempt 1)
Feb 12 12:50:14.837 INFO Get file handle: "C:\\Users\\OSJ\\AppData\\Local\\Programs\\Microsoft VS Code\\resources\\app\\extensions\\node_modules\\typescript\\lib\\lib.es2022.d.ts" (attempt 1)
Feb 12 12:50:14.837 INFO Get file handle: "C:\\Users\\OSJ\\AppData\\Local\\Programs\\Microsoft VS Code\\resources\\app\\extensions\\node_modules\\typescript\\lib\\lib.es2022.error.d.ts" (attempt 1)
Feb 12 12:50:14.837 INFO Get file handle: "C:\\Users\\OSJ\\AppData\\Local\\Programs\\Microsoft VS Code\\resources\\app\\extensions\\node_modules\\typescript\\lib\\lib.es2022.full.d.ts" (attempt 1)
Feb 12 12:50:14.837 INFO Get file handle: "C:\\Users\\OSJ\\AppData\\Local\\Programs\\Microsoft VS Code\\resources\\app\\extensions\\node_modules\\typescript\\lib\\lib.es2022.intl.d.ts" (attempt 1)
Feb 12 12:50:14.837 INFO Get file handle: "C:\\Users\\OSJ\\AppData\\Local\\Programs\\Microsoft VS Code\\resources\\app\\extensions\\node_modules\\typescript\\lib\\lib.es2022.object.d.ts" (attempt 1)
Feb 12 12:50:14.837 INFO Get file handle: "C:\\Users\\OSJ\\AppData\\Local\\Programs\\Microsoft VS Code\\resources\\app\\extensions\\node_modules\\typescript\\lib\\lib.es2022.sharedmemory.d.ts" (attempt 1)
Feb 12 12:50:14.837 INFO Get file handle: "C:\\Users\\OSJ\\AppData\\Local\\Programs\\Microsoft VS Code\\resources\\app\\extensions\\node_modules\\typescript\\lib\\lib.es2022.string.d.ts" (attempt 1)
Feb 12 12:50:14.837 INFO Get file handle: "C:\\Users\\OSJ\\AppData\\Local\\Programs\\Microsoft VS Code\\resources\\app\\extensions\\node_modules\\typescript\\lib\\lib.es5.d.ts" (attempt 1)
Feb 12 12:50:14.837 INFO Get file handle: "C:\\Users\\OSJ\\AppData\\Local\\Programs\\Microsoft VS Code\\resources\\app\\extensions\\node_modules\\typescript\\lib\\lib.es6.d.ts" (attempt 1)
Feb 12 12:50:14.837 INFO Get file handle: "C:\\Users\\OSJ\\AppData\\Local\\Programs\\Microsoft VS Code\\resources\\app\\extensions\\node_modules\\typescript\\lib\\lib.esnext.d.ts" (attempt 1)
Feb 12 12:50:14.837 INFO Get file handle: "C:\\Users\\OSJ\\AppData\\Local\\Programs\\Microsoft VS Code\\resources\\app\\extensions\\node_modules\\typescript\\lib\\lib.esnext.full.d.ts" (attempt 1)
Feb 12 12:50:14.837 INFO Get file handle: "C:\\Users\\OSJ\\AppData\\Local\\Programs\\Microsoft VS Code\\resources\\app\\extensions\\node_modules\\typescript\\lib\\lib.esnext.intl.d.ts" (attempt 1)
Feb 12 12:50:14.837 INFO Get file handle: "C:\\Users\\OSJ\\AppData\\Local\\Programs\\Microsoft VS Code\\resources\\app\\extensions\\node_modules\\typescript\\lib\\lib.esnext.promise.d.ts" (attempt 1)
Feb 12 12:50:14.837 INFO Get file handle: "C:\\Users\\OSJ\\AppData\\Local\\Programs\\Microsoft VS Code\\resources\\app\\extensions\\node_modules\\typescript\\lib\\lib.esnext.string.d.ts" (attempt 1)
Feb 12 12:50:14.837 INFO Get file handle: "C:\\Users\\OSJ\\AppData\\Local\\Programs\\Microsoft VS Code\\resources\\app\\extensions\\node_modules\\typescript\\lib\\lib.esnext.weakref.d.ts" (attempt 1)
Feb 12 12:50:14.837 INFO Get file handle: "C:\\Users\\OSJ\\AppData\\Local\\Programs\\Microsoft VS Code\\resources\\app\\extensions\\node_modules\\typescript\\lib\\lib.scripthost.d.ts" (attempt 1)
Feb 12 12:50:14.838 INFO Get file handle: "C:\\Users\\OSJ\\AppData\\Local\\Programs\\Microsoft VS Code\\resources\\app\\extensions\\node_modules\\typescript\\lib\\lib.webworker.d.ts" (attempt 1)
Feb 12 12:50:14.838 INFO Get file handle: "C:\\Users\\OSJ\\AppData\\Local\\Programs\\Microsoft VS Code\\resources\\app\\extensions\\node_modules\\typescript\\lib\\lib.webworker.importscripts.d.ts" (attempt 1)
Feb 12 12:50:14.838 INFO Get file handle: "C:\\Users\\OSJ\\AppData\\Local\\Programs\\Microsoft VS Code\\resources\\app\\extensions\\node_modules\\typescript\\lib\\lib.webworker.iterable.d.ts" (attempt 1)
Feb 12 12:50:14.838 INFO Get file handle: "C:\\Users\\OSJ\\AppData\\Local\\Programs\\Microsoft VS Code\\resources\\app\\extensions\\node_modules\\typescript\\lib\\tsserver.js" (attempt 1)
Feb 12 12:50:14.838 INFO Get file handle: "C:\\Users\\OSJ\\AppData\\Local\\Programs\\Microsoft VS Code\\resources\\app\\extensions\\node_modules\\typescript\\lib\\typescript.js" (attempt 1)
Feb 12 12:50:14.838 INFO Get file handle: "C:\\Users\\OSJ\\AppData\\Local\\Programs\\Microsoft VS Code\\resources\\app\\extensions\\node_modules\\typescript\\lib\\typesMap.json" (attempt 1)
Feb 12 12:50:14.838 INFO Get file handle: "C:\\Users\\OSJ\\AppData\\Local\\Programs\\Microsoft VS Code\\resources\\app\\extensions\\node_modules\\typescript\\lib\\typingsInstaller.js" (attempt 1)
Feb 12 12:50:14.838 INFO Get file handle: "C:\\Users\\OSJ\\AppData\\Local\\Programs\\Microsoft VS Code\\resources\\app\\extensions\\node_modules\\typescript\\lib\\watchGuard.js" (attempt 1)
Feb 12 12:50:14.838 INFO Reading directory: "C:\\Users\\OSJ\\AppData\\Local\\Programs\\Microsoft VS Code\\resources\\app\\extensions\\search-result\\dist\\media"
Feb 12 12:50:14.838 INFO Get file handle: "C:\\Users\\OSJ\\AppData\\Local\\Programs\\Microsoft VS Code\\resources\\app\\extensions\\search-result\\dist\\media\\refresh-dark.svg" (attempt 1)
Feb 12 12:50:14.838 INFO Get file handle: "C:\\Users\\OSJ\\AppData\\Local\\Programs\\Microsoft VS Code\\resources\\app\\extensions\\search-result\\dist\\media\\refresh-light.svg" (attempt 1)
Feb 12 12:50:14.838 INFO Reading directory: "C:\\Users\\OSJ\\AppData\\Local\\Programs\\Microsoft VS Code\\resources\\app\\extensions\\theme-defaults\\fileicons\\images"
Feb 12 12:50:14.838 INFO Get file handle: "C:\\Users\\OSJ\\AppData\\Local\\Programs\\Microsoft VS Code\\resources\\app\\extensions\\theme-defaults\\fileicons\\images\\document-dark.svg" (attempt 1)
Feb 12 12:50:14.838 INFO Get file handle: "C:\\Users\\OSJ\\AppData\\Local\\Programs\\Microsoft VS Code\\resources\\app\\extensions\\theme-defaults\\fileicons\\images\\document-light.svg" (attempt 1)
Feb 12 12:50:14.838 INFO Get file handle: "C:\\Users\\OSJ\\AppData\\Local\\Programs\\Microsoft VS Code\\resources\\app\\extensions\\theme-defaults\\fileicons\\images\\folder-dark.svg" (attempt 1)
Feb 12 12:50:14.838 INFO Get file handle: "C:\\Users\\OSJ\\AppData\\Local\\Programs\\Microsoft VS Code\\resources\\app\\extensions\\theme-defaults\\fileicons\\images\\folder-light.svg" (attempt 1)
Feb 12 12:50:14.838 INFO Get file handle: "C:\\Users\\OSJ\\AppData\\Local\\Programs\\Microsoft VS Code\\resources\\app\\extensions\\theme-defaults\\fileicons\\images\\folder-open-dark.svg" (attempt 1)
Feb 12 12:50:14.838 INFO Get file handle: "C:\\Users\\OSJ\\AppData\\Local\\Programs\\Microsoft VS Code\\resources\\app\\extensions\\theme-defaults\\fileicons\\images\\folder-open-light.svg" (attempt 1)
Feb 12 12:50:14.838 INFO Get file handle: "C:\\Users\\OSJ\\AppData\\Local\\Programs\\Microsoft VS Code\\resources\\app\\extensions\\theme-defaults\\fileicons\\images\\root-folder-dark.svg" (attempt 1)
Feb 12 12:50:14.838 INFO Get file handle: "C:\\Users\\OSJ\\AppData\\Local\\Programs\\Microsoft VS Code\\resources\\app\\extensions\\theme-defaults\\fileicons\\images\\root-folder-light.svg" (attempt 1)
Feb 12 12:50:14.839 INFO Get file handle: "C:\\Users\\OSJ\\AppData\\Local\\Programs\\Microsoft VS Code\\resources\\app\\extensions\\theme-defaults\\fileicons\\images\\root-folder-open-dark.svg" (attempt 1)
Feb 12 12:50:14.839 INFO Get file handle: "C:\\Users\\OSJ\\AppData\\Local\\Programs\\Microsoft VS Code\\resources\\app\\extensions\\theme-defaults\\fileicons\\images\\root-folder-open-light.svg" (attempt 1)
Feb 12 12:50:14.839 INFO Reading directory: "C:\\Users\\OSJ\\AppData\\Local\\Programs\\Microsoft VS Code\\resources\\app\\extensions\\typescript-language-features\\resources\\walkthroughs"
Feb 12 12:50:14.839 INFO Get file handle: "C:\\Users\\OSJ\\AppData\\Local\\Programs\\Microsoft VS Code\\resources\\app\\extensions\\typescript-language-features\\resources\\walkthroughs\\create-a-js-file.svg" (attempt 1)
Feb 12 12:50:14.839 INFO Get file handle: "C:\\Users\\OSJ\\AppData\\Local\\Programs\\Microsoft VS Code\\resources\\app\\extensions\\typescript-language-features\\resources\\walkthroughs\\debug-and-run.svg" (attempt 1)
Feb 12 12:50:14.839 INFO Get file handle: "C:\\Users\\OSJ\\AppData\\Local\\Programs\\Microsoft VS Code\\resources\\app\\extensions\\typescript-language-features\\resources\\walkthroughs\\install-node-js.svg" (attempt 1)
Feb 12 12:50:14.839 INFO Get file handle: "C:\\Users\\OSJ\\AppData\\Local\\Programs\\Microsoft VS Code\\resources\\app\\extensions\\typescript-language-features\\resources\\walkthroughs\\learn-more.svg" (attempt 1)
Feb 12 12:50:14.839 INFO Reading directory: "C:\\Users\\OSJ\\AppData\\Local\\Programs\\Microsoft VS Code\\resources\\app\\node_modules.asar.unpacked\\@parcel\\watcher\\build"
Feb 12 12:50:14.839 INFO Reading directory: "C:\\Users\\OSJ\\AppData\\Local\\Programs\\Microsoft VS Code\\resources\\app\\node_modules.asar.unpacked\\@vscode\\ripgrep\\bin"
Feb 12 12:50:14.839 INFO Get file handle: "C:\\Users\\OSJ\\AppData\\Local\\Programs\\Microsoft VS Code\\resources\\app\\node_modules.asar.unpacked\\@vscode\\ripgrep\\bin\\rg.exe" (attempt 1)
Feb 12 12:50:14.839 INFO Reading directory: "C:\\Users\\OSJ\\AppData\\Local\\Programs\\Microsoft VS Code\\resources\\app\\node_modules.asar.unpacked\\@vscode\\sqlite3\\build"
Feb 12 12:50:14.839 INFO Reading directory: "C:\\Users\\OSJ\\AppData\\Local\\Programs\\Microsoft VS Code\\resources\\app\\node_modules.asar.unpacked\\@vscode\\windows-registry\\build"
Feb 12 12:50:14.839 INFO Reading directory: "C:\\Users\\OSJ\\AppData\\Local\\Programs\\Microsoft VS Code\\resources\\app\\node_modules.asar.unpacked\\keytar\\build\\Release"
Feb 12 12:50:14.839 INFO Get file handle: "C:\\Users\\OSJ\\AppData\\Local\\Programs\\Microsoft VS Code\\resources\\app\\node_modules.asar.unpacked\\keytar\\build\\Release\\keytar.node" (attempt 1)
Feb 12 12:50:14.839 INFO Reading directory: "C:\\Users\\OSJ\\AppData\\Local\\Programs\\Microsoft VS Code\\resources\\app\\node_modules.asar.unpacked\\native-is-elevated\\build\\Release"
Feb 12 12:50:14.839 INFO Get file handle: "C:\\Users\\OSJ\\AppData\\Local\\Programs\\Microsoft VS Code\\resources\\app\\node_modules.asar.unpacked\\native-is-elevated\\build\\Release\\iselevated.node" (attempt 1)
Feb 12 12:50:14.839 INFO Reading directory: "C:\\Users\\OSJ\\AppData\\Local\\Programs\\Microsoft VS Code\\resources\\app\\node_modules.asar.unpacked\\native-keymap\\build\\Release"
Feb 12 12:50:14.839 INFO Get file handle: "C:\\Users\\OSJ\\AppData\\Local\\Programs\\Microsoft VS Code\\resources\\app\\node_modules.asar.unpacked\\native-keymap\\build\\Release\\keymapping.node" (attempt 1)
Feb 12 12:50:14.839 INFO Reading directory: "C:\\Users\\OSJ\\AppData\\Local\\Programs\\Microsoft VS Code\\resources\\app\\node_modules.asar.unpacked\\native-watchdog\\build\\Release"
Feb 12 12:50:14.839 INFO Get file handle: "C:\\Users\\OSJ\\AppData\\Local\\Programs\\Microsoft VS Code\\resources\\app\\node_modules.asar.unpacked\\native-watchdog\\build\\Release\\watchdog.node" (attempt 1)
Feb 12 12:50:14.840 INFO Reading directory: "C:\\Users\\OSJ\\AppData\\Local\\Programs\\Microsoft VS Code\\resources\\app\\node_modules.asar.unpacked\\node-pty\\build\\Release"
Feb 12 12:50:14.840 INFO Get file handle: "C:\\Users\\OSJ\\AppData\\Local\\Programs\\Microsoft VS Code\\resources\\app\\node_modules.asar.unpacked\\node-pty\\build\\Release\\conpty.node" (attempt 1)
Feb 12 12:50:14.840 INFO Get file handle: "C:\\Users\\OSJ\\AppData\\Local\\Programs\\Microsoft VS Code\\resources\\app\\node_modules.asar.unpacked\\node-pty\\build\\Release\\conpty_console_list.node" (attempt 1)
Feb 12 12:50:14.840 INFO Get file handle: "C:\\Users\\OSJ\\AppData\\Local\\Programs\\Microsoft VS Code\\resources\\app\\node_modules.asar.unpacked\\node-pty\\build\\Release\\pty.node" (attempt 1)
Feb 12 12:50:14.840 INFO Get file handle: "C:\\Users\\OSJ\\AppData\\Local\\Programs\\Microsoft VS Code\\resources\\app\\node_modules.asar.unpacked\\node-pty\\build\\Release\\winpty-agent.exe" (attempt 1)
Feb 12 12:50:14.840 INFO Get file handle: "C:\\Users\\OSJ\\AppData\\Local\\Programs\\Microsoft VS Code\\resources\\app\\node_modules.asar.unpacked\\node-pty\\build\\Release\\winpty.dll" (attempt 1)
Feb 12 12:50:14.840 INFO Reading directory: "C:\\Users\\OSJ\\AppData\\Local\\Programs\\Microsoft VS Code\\resources\\app\\node_modules.asar.unpacked\\node-pty\\lib\\shared"
Feb 12 12:50:14.840 INFO Get file handle: "C:\\Users\\OSJ\\AppData\\Local\\Programs\\Microsoft VS Code\\resources\\app\\node_modules.asar.unpacked\\node-pty\\lib\\shared\\conout.js" (attempt 1)
Feb 12 12:50:14.840 INFO Reading directory: "C:\\Users\\OSJ\\AppData\\Local\\Programs\\Microsoft VS Code\\resources\\app\\node_modules.asar.unpacked\\node-pty\\lib\\worker"
Feb 12 12:50:14.840 INFO Get file handle: "C:\\Users\\OSJ\\AppData\\Local\\Programs\\Microsoft VS Code\\resources\\app\\node_modules.asar.unpacked\\node-pty\\lib\\worker\\conoutSocketWorker.js" (attempt 1)
Feb 12 12:50:14.840 INFO Reading directory: "C:\\Users\\OSJ\\AppData\\Local\\Programs\\Microsoft VS Code\\resources\\app\\node_modules.asar.unpacked\\spdlog\\build\\Release"
Feb 12 12:50:14.840 INFO Get file handle: "C:\\Users\\OSJ\\AppData\\Local\\Programs\\Microsoft VS Code\\resources\\app\\node_modules.asar.unpacked\\spdlog\\build\\Release\\spdlog.node" (attempt 1)
Feb 12 12:50:14.840 INFO Reading directory: "C:\\Users\\OSJ\\AppData\\Local\\Programs\\Microsoft VS Code\\resources\\app\\node_modules.asar.unpacked\\vscode-encrypt\\build\\Release"
Feb 12 12:50:14.840 INFO Get file handle: "C:\\Users\\OSJ\\AppData\\Local\\Programs\\Microsoft VS Code\\resources\\app\\node_modules.asar.unpacked\\vscode-encrypt\\build\\Release\\vscode-encrypt-native.node" (attempt 1)
Feb 12 12:50:14.840 INFO Reading directory: "C:\\Users\\OSJ\\AppData\\Local\\Programs\\Microsoft VS Code\\resources\\app\\node_modules.asar.unpacked\\vscode-policy-watcher\\build\\Release"
Feb 12 12:50:14.840 INFO Get file handle: "C:\\Users\\OSJ\\AppData\\Local\\Programs\\Microsoft VS Code\\resources\\app\\node_modules.asar.unpacked\\vscode-policy-watcher\\build\\Release\\vscode-policy-watcher.node" (attempt 1)
Feb 12 12:50:14.840 INFO Reading directory: "C:\\Users\\OSJ\\AppData\\Local\\Programs\\Microsoft VS Code\\resources\\app\\node_modules.asar.unpacked\\vscode-windows-ca-certs\\build\\Release"
Feb 12 12:50:14.840 INFO Get file handle: "C:\\Users\\OSJ\\AppData\\Local\\Programs\\Microsoft VS Code\\resources\\app\\node_modules.asar.unpacked\\vscode-windows-ca-certs\\build\\Release\\crypt32.node" (attempt 1)
Feb 12 12:50:14.840 INFO Reading directory: "C:\\Users\\OSJ\\AppData\\Local\\Programs\\Microsoft VS Code\\resources\\app\\node_modules.asar.unpacked\\vsda\\build\\Release"
Feb 12 12:50:14.840 INFO Get file handle: "C:\\Users\\OSJ\\AppData\\Local\\Programs\\Microsoft VS Code\\resources\\app\\node_modules.asar.unpacked\\vsda\\build\\Release\\vsda.node" (attempt 1)
Feb 12 12:50:14.841 INFO Reading directory: "C:\\Users\\OSJ\\AppData\\Local\\Programs\\Microsoft VS Code\\resources\\app\\node_modules.asar.unpacked\\windows-foreground-love\\build\\Release"
Feb 12 12:50:14.841 INFO Get file handle: "C:\\Users\\OSJ\\AppData\\Local\\Programs\\Microsoft VS Code\\resources\\app\\node_modules.asar.unpacked\\windows-foreground-love\\build\\Release\\foreground_love.node" (attempt 1)
Feb 12 12:50:14.841 INFO Reading directory: "C:\\Users\\OSJ\\AppData\\Local\\Programs\\Microsoft VS Code\\resources\\app\\node_modules.asar.unpacked\\windows-mutex\\build\\Release"
Feb 12 12:50:14.841 INFO Get file handle: "C:\\Users\\OSJ\\AppData\\Local\\Programs\\Microsoft VS Code\\resources\\app\\node_modules.asar.unpacked\\windows-mutex\\build\\Release\\CreateMutex.node" (attempt 1)
Feb 12 12:50:14.841 INFO Reading directory: "C:\\Users\\OSJ\\AppData\\Local\\Programs\\Microsoft VS Code\\resources\\app\\node_modules.asar.unpacked\\windows-process-tree\\build\\Release"
Feb 12 12:50:14.841 INFO Get file handle: "C:\\Users\\OSJ\\AppData\\Local\\Programs\\Microsoft VS Code\\resources\\app\\node_modules.asar.unpacked\\windows-process-tree\\build\\Release\\windows_process_tree.node" (attempt 1)
Feb 12 12:50:14.841 INFO Reading directory: "C:\\Users\\OSJ\\AppData\\Local\\Programs\\Microsoft VS Code\\resources\\app\\out\\vs\\base\\browser"
Feb 12 12:50:14.841 INFO Reading directory: "C:\\Users\\OSJ\\AppData\\Local\\Programs\\Microsoft VS Code\\resources\\app\\out\\vs\\base\\common"
Feb 12 12:50:14.841 INFO Get file handle: "C:\\Users\\OSJ\\AppData\\Local\\Programs\\Microsoft VS Code\\resources\\app\\out\\vs\\base\\common\\performance.js" (attempt 1)
Feb 12 12:50:14.841 INFO Reading directory: "C:\\Users\\OSJ\\AppData\\Local\\Programs\\Microsoft VS Code\\resources\\app\\out\\vs\\base\\node"
Feb 12 12:50:14.841 INFO Get file handle: "C:\\Users\\OSJ\\AppData\\Local\\Programs\\Microsoft VS Code\\resources\\app\\out\\vs\\base\\node\\cpuUsage.sh" (attempt 1)
Feb 12 12:50:14.841 INFO Get file handle: "C:\\Users\\OSJ\\AppData\\Local\\Programs\\Microsoft VS Code\\resources\\app\\out\\vs\\base\\node\\ps.sh" (attempt 1)
Feb 12 12:50:14.841 INFO Get file handle: "C:\\Users\\OSJ\\AppData\\Local\\Programs\\Microsoft VS Code\\resources\\app\\out\\vs\\base\\node\\terminateProcess.sh" (attempt 1)
Feb 12 12:50:14.841 INFO Reading directory: "C:\\Users\\OSJ\\AppData\\Local\\Programs\\Microsoft VS Code\\resources\\app\\out\\vs\\base\\parts"
Feb 12 12:50:14.841 INFO Reading directory: "C:\\Users\\OSJ\\AppData\\Local\\Programs\\Microsoft VS Code\\resources\\app\\out\\vs\\base\\worker"
Feb 12 12:50:14.841 INFO Get file handle: "C:\\Users\\OSJ\\AppData\\Local\\Programs\\Microsoft VS Code\\resources\\app\\out\\vs\\base\\worker\\workerMain.js" (attempt 1)
Feb 12 12:50:14.841 INFO Reading directory: "C:\\Users\\OSJ\\AppData\\Local\\Programs\\Microsoft VS Code\\resources\\app\\out\\vs\\code\\electron-browser"
Feb 12 12:50:14.841 INFO Reading directory: "C:\\Users\\OSJ\\AppData\\Local\\Programs\\Microsoft VS Code\\resources\\app\\out\\vs\\code\\electron-main"
Feb 12 12:50:14.841 INFO Get file handle: "C:\\Users\\OSJ\\AppData\\Local\\Programs\\Microsoft VS Code\\resources\\app\\out\\vs\\code\\electron-main\\main.js" (attempt 1)
Feb 12 12:50:14.841 INFO Get file handle: "C:\\Users\\OSJ\\AppData\\Local\\Programs\\Microsoft VS Code\\resources\\app\\out\\vs\\code\\electron-main\\main.nls.js" (attempt 1)
Feb 12 12:50:14.841 INFO Reading directory: "C:\\Users\\OSJ\\AppData\\Local\\Programs\\Microsoft VS Code\\resources\\app\\out\\vs\\code\\electron-sandbox"
Feb 12 12:50:14.841 INFO Reading directory: "C:\\Users\\OSJ\\AppData\\Local\\Programs\\Microsoft VS Code\\resources\\app\\out\\vs\\code\\node"
Feb 12 12:50:14.841 INFO Get file handle: "C:\\Users\\OSJ\\AppData\\Local\\Programs\\Microsoft VS Code\\resources\\app\\out\\vs\\code\\node\\cli.js" (attempt 1)
Feb 12 12:50:14.842 INFO Get file handle: "C:\\Users\\OSJ\\AppData\\Local\\Programs\\Microsoft VS Code\\resources\\app\\out\\vs\\code\\node\\cli.nls.js" (attempt 1)
Feb 12 12:50:14.842 INFO Get file handle: "C:\\Users\\OSJ\\AppData\\Local\\Programs\\Microsoft VS Code\\resources\\app\\out\\vs\\code\\node\\cliProcessMain.js" (attempt 1)
Feb 12 12:50:14.842 INFO Get file handle: "C:\\Users\\OSJ\\AppData\\Local\\Programs\\Microsoft VS Code\\resources\\app\\out\\vs\\code\\node\\cliProcessMain.nls.js" (attempt 1)
Feb 12 12:50:14.842 INFO Reading directory: "C:\\Users\\OSJ\\AppData\\Local\\Programs\\Microsoft VS Code\\resources\\app\\out\\vs\\editor\\common"
Feb 12 12:50:14.842 INFO Reading directory: "C:\\Users\\OSJ\\AppData\\Local\\Programs\\Microsoft VS Code\\resources\\app\\out\\vs\\platform\\audioCues"
Feb 12 12:50:14.842 INFO Reading directory: "C:\\Users\\OSJ\\AppData\\Local\\Programs\\Microsoft VS Code\\resources\\app\\out\\vs\\platform\\files"
Feb 12 12:50:14.842 INFO Reading directory: "C:\\Users\\OSJ\\AppData\\Local\\Programs\\Microsoft VS Code\\resources\\app\\out\\vs\\platform\\profiling"
Feb 12 12:50:14.842 INFO Reading directory: "C:\\Users\\OSJ\\AppData\\Local\\Programs\\Microsoft VS Code\\resources\\app\\out\\vs\\platform\\sharedProcess"
Feb 12 12:50:14.842 INFO Reading directory: "C:\\Users\\OSJ\\AppData\\Local\\Programs\\Microsoft VS Code\\resources\\app\\out\\vs\\platform\\terminal"
Feb 12 12:50:14.842 INFO Reading directory: "C:\\Users\\OSJ\\AppData\\Local\\Programs\\Microsoft VS Code\\resources\\app\\out\\vs\\workbench\\api"
Feb 12 12:50:14.842 INFO Reading directory: "C:\\Users\\OSJ\\AppData\\Local\\Programs\\Microsoft VS Code\\resources\\app\\out\\vs\\workbench\\browser"
Feb 12 12:50:14.842 INFO Reading directory: "C:\\Users\\OSJ\\AppData\\Local\\Programs\\Microsoft VS Code\\resources\\app\\out\\vs\\workbench\\contrib"
Feb 12 12:50:14.842 INFO Reading directory: "C:\\Users\\OSJ\\AppData\\Local\\Programs\\Microsoft VS Code\\resources\\app\\out\\vs\\workbench\\services"
Feb 12 12:50:14.842 INFO Reading directory: "C:\\Users\\OSJ\\AppData\\Local\\Programs\\Microsoft VS Code\\resources\\app\\extensions\\css-language-features\\client\\dist\\node"
Feb 12 12:50:14.842 INFO Get file handle: "C:\\Users\\OSJ\\AppData\\Local\\Programs\\Microsoft VS Code\\resources\\app\\extensions\\css-language-features\\client\\dist\\node\\cssClientMain.js" (attempt 1)
Feb 12 12:50:14.842 INFO Reading directory: "C:\\Users\\OSJ\\AppData\\Local\\Programs\\Microsoft VS Code\\resources\\app\\extensions\\css-language-features\\server\\dist\\node"
Feb 12 12:50:14.842 INFO Get file handle: "C:\\Users\\OSJ\\AppData\\Local\\Programs\\Microsoft VS Code\\resources\\app\\extensions\\css-language-features\\server\\dist\\node\\cssServerMain.js" (attempt 1)
Feb 12 12:50:14.842 INFO Reading directory: "C:\\Users\\OSJ\\AppData\\Local\\Programs\\Microsoft VS Code\\resources\\app\\extensions\\git\\resources\\icons\\dark"
Feb 12 12:50:14.842 INFO Get file handle: "C:\\Users\\OSJ\\AppData\\Local\\Programs\\Microsoft VS Code\\resources\\app\\extensions\\git\\resources\\icons\\dark\\status-added.svg" (attempt 1)
Feb 12 12:50:14.842 INFO Get file handle: "C:\\Users\\OSJ\\AppData\\Local\\Programs\\Microsoft VS Code\\resources\\app\\extensions\\git\\resources\\icons\\dark\\status-conflict.svg" (attempt 1)
Feb 12 12:50:14.842 INFO Get file handle: "C:\\Users\\OSJ\\AppData\\Local\\Programs\\Microsoft VS Code\\resources\\app\\extensions\\git\\resources\\icons\\dark\\status-copied.svg" (attempt 1)
Feb 12 12:50:14.842 INFO Get file handle: "C:\\Users\\OSJ\\AppData\\Local\\Programs\\Microsoft VS Code\\resources\\app\\extensions\\git\\resources\\icons\\dark\\status-deleted.svg" (attempt 1)
Feb 12 12:50:14.843 INFO Get file handle: "C:\\Users\\OSJ\\AppData\\Local\\Programs\\Microsoft VS Code\\resources\\app\\extensions\\git\\resources\\icons\\dark\\status-ignored.svg" (attempt 1)
Feb 12 12:50:14.843 INFO Get file handle: "C:\\Users\\OSJ\\AppData\\Local\\Programs\\Microsoft VS Code\\resources\\app\\extensions\\git\\resources\\icons\\dark\\status-modified.svg" (attempt 1)
Feb 12 12:50:14.843 INFO Get file handle: "C:\\Users\\OSJ\\AppData\\Local\\Programs\\Microsoft VS Code\\resources\\app\\extensions\\git\\resources\\icons\\dark\\status-renamed.svg" (attempt 1)
Feb 12 12:50:14.843 INFO Get file handle: "C:\\Users\\OSJ\\AppData\\Local\\Programs\\Microsoft VS Code\\resources\\app\\extensions\\git\\resources\\icons\\dark\\status-untracked.svg" (attempt 1)
Feb 12 12:50:14.843 INFO Reading directory: "C:\\Users\\OSJ\\AppData\\Local\\Programs\\Microsoft VS Code\\resources\\app\\extensions\\git\\resources\\icons\\light"
Feb 12 12:50:14.843 INFO Get file handle: "C:\\Users\\OSJ\\AppData\\Local\\Programs\\Microsoft VS Code\\resources\\app\\extensions\\git\\resources\\icons\\light\\status-added.svg" (attempt 1)
Feb 12 12:50:14.843 INFO Get file handle: "C:\\Users\\OSJ\\AppData\\Local\\Programs\\Microsoft VS Code\\resources\\app\\extensions\\git\\resources\\icons\\light\\status-conflict.svg" (attempt 1)
Feb 12 12:50:14.843 INFO Get file handle: "C:\\Users\\OSJ\\AppData\\Local\\Programs\\Microsoft VS Code\\resources\\app\\extensions\\git\\resources\\icons\\light\\status-copied.svg" (attempt 1)
Feb 12 12:50:14.843 INFO Get file handle: "C:\\Users\\OSJ\\AppData\\Local\\Programs\\Microsoft VS Code\\resources\\app\\extensions\\git\\resources\\icons\\light\\status-deleted.svg" (attempt 1)
Feb 12 12:50:14.843 INFO Get file handle: "C:\\Users\\OSJ\\AppData\\Local\\Programs\\Microsoft VS Code\\resources\\app\\extensions\\git\\resources\\icons\\light\\status-ignored.svg" (attempt 1)
Feb 12 12:50:14.843 INFO Get file handle: "C:\\Users\\OSJ\\AppData\\Local\\Programs\\Microsoft VS Code\\resources\\app\\extensions\\git\\resources\\icons\\light\\status-modified.svg" (attempt 1)
Feb 12 12:50:14.843 INFO Get file handle: "C:\\Users\\OSJ\\AppData\\Local\\Programs\\Microsoft VS Code\\resources\\app\\extensions\\git\\resources\\icons\\light\\status-renamed.svg" (attempt 1)
Feb 12 12:50:14.843 INFO Get file handle: "C:\\Users\\OSJ\\AppData\\Local\\Programs\\Microsoft VS Code\\resources\\app\\extensions\\git\\resources\\icons\\light\\status-untracked.svg" (attempt 1)
Feb 12 12:50:14.843 INFO Reading directory: "C:\\Users\\OSJ\\AppData\\Local\\Programs\\Microsoft VS Code\\resources\\app\\extensions\\github\\testWorkspace\\docs\\PULL_REQUEST_TEMPLATE"
Feb 12 12:50:14.843 INFO Get file handle: "C:\\Users\\OSJ\\AppData\\Local\\Programs\\Microsoft VS Code\\resources\\app\\extensions\\github\\testWorkspace\\docs\\PULL_REQUEST_TEMPLATE\\a.md" (attempt 1)
Feb 12 12:50:14.843 INFO Get file handle: "C:\\Users\\OSJ\\AppData\\Local\\Programs\\Microsoft VS Code\\resources\\app\\extensions\\github\\testWorkspace\\docs\\PULL_REQUEST_TEMPLATE\\b.md" (attempt 1)
Feb 12 12:50:14.843 INFO Get file handle: "C:\\Users\\OSJ\\AppData\\Local\\Programs\\Microsoft VS Code\\resources\\app\\extensions\\github\\testWorkspace\\docs\\PULL_REQUEST_TEMPLATE\\x.txt" (attempt 1)
Feb 12 12:50:14.843 INFO Reading directory: "C:\\Users\\OSJ\\AppData\\Local\\Programs\\Microsoft VS Code\\resources\\app\\extensions\\html-language-features\\client\\dist\\node"
Feb 12 12:50:14.843 INFO Get file handle: "C:\\Users\\OSJ\\AppData\\Local\\Programs\\Microsoft VS Code\\resources\\app\\extensions\\html-language-features\\client\\dist\\node\\htmlClientMain.js" (attempt 1)
Feb 12 12:50:14.843 INFO Get file handle: "C:\\Users\\OSJ\\AppData\\Local\\Programs\\Microsoft VS Code\\resources\\app\\extensions\\html-language-features\\client\\dist\\node\\htmlClientMain.js.LICENSE.txt" (attempt 1)
Feb 12 12:50:14.843 INFO Reading directory: "C:\\Users\\OSJ\\AppData\\Local\\Programs\\Microsoft VS Code\\resources\\app\\extensions\\html-language-features\\server\\dist\\node"
Feb 12 12:50:14.843 INFO Get file handle: "C:\\Users\\OSJ\\AppData\\Local\\Programs\\Microsoft VS Code\\resources\\app\\extensions\\html-language-features\\server\\dist\\node\\htmlServerMain.js" (attempt 1)
Feb 12 12:50:14.844 INFO Reading directory: "C:\\Users\\OSJ\\AppData\\Local\\Programs\\Microsoft VS Code\\resources\\app\\extensions\\json-language-features\\client\\dist\\node"
Feb 12 12:50:14.844 INFO Get file handle: "C:\\Users\\OSJ\\AppData\\Local\\Programs\\Microsoft VS Code\\resources\\app\\extensions\\json-language-features\\client\\dist\\node\\jsonClientMain.js" (attempt 1)
Feb 12 12:50:14.844 INFO Get file handle: "C:\\Users\\OSJ\\AppData\\Local\\Programs\\Microsoft VS Code\\resources\\app\\extensions\\json-language-features\\client\\dist\\node\\jsonClientMain.js.LICENSE.txt" (attempt 1)
Feb 12 12:50:14.844 INFO Reading directory: "C:\\Users\\OSJ\\AppData\\Local\\Programs\\Microsoft VS Code\\resources\\app\\extensions\\json-language-features\\server\\dist\\node"
Feb 12 12:50:14.844 INFO Get file handle: "C:\\Users\\OSJ\\AppData\\Local\\Programs\\Microsoft VS Code\\resources\\app\\extensions\\json-language-features\\server\\dist\\node\\jsonServerMain.js" (attempt 1)
Feb 12 12:50:14.844 INFO Reading directory: "C:\\Users\\OSJ\\AppData\\Local\\Programs\\Microsoft VS Code\\resources\\app\\extensions\\markdown-language-features\\server\\dist\\node"
Feb 12 12:50:14.844 INFO Get file handle: "C:\\Users\\OSJ\\AppData\\Local\\Programs\\Microsoft VS Code\\resources\\app\\extensions\\markdown-language-features\\server\\dist\\node\\main.js" (attempt 1)
Feb 12 12:50:14.844 INFO Reading directory: "C:\\Users\\OSJ\\AppData\\Local\\Programs\\Microsoft VS Code\\resources\\app\\extensions\\node_modules\\typescript\\lib\\cs"
Feb 12 12:50:14.844 INFO Get file handle: "C:\\Users\\OSJ\\AppData\\Local\\Programs\\Microsoft VS Code\\resources\\app\\extensions\\node_modules\\typescript\\lib\\cs\\diagnosticMessages.generated.json" (attempt 1)
Feb 12 12:50:14.845 INFO Reading directory: "C:\\Users\\OSJ\\AppData\\Local\\Programs\\Microsoft VS Code\\resources\\app\\extensions\\node_modules\\typescript\\lib\\de"
Feb 12 12:50:14.845 INFO Get file handle: "C:\\Users\\OSJ\\AppData\\Local\\Programs\\Microsoft VS Code\\resources\\app\\extensions\\node_modules\\typescript\\lib\\de\\diagnosticMessages.generated.json" (attempt 1)
Feb 12 12:50:14.845 INFO Reading directory: "C:\\Users\\OSJ\\AppData\\Local\\Programs\\Microsoft VS Code\\resources\\app\\extensions\\node_modules\\typescript\\lib\\es"
Feb 12 12:50:14.845 INFO Get file handle: "C:\\Users\\OSJ\\AppData\\Local\\Programs\\Microsoft VS Code\\resources\\app\\extensions\\node_modules\\typescript\\lib\\es\\diagnosticMessages.generated.json" (attempt 1)
Feb 12 12:50:14.845 INFO Reading directory: "C:\\Users\\OSJ\\AppData\\Local\\Programs\\Microsoft VS Code\\resources\\app\\extensions\\node_modules\\typescript\\lib\\fr"
Feb 12 12:50:14.845 INFO Get file handle: "C:\\Users\\OSJ\\AppData\\Local\\Programs\\Microsoft VS Code\\resources\\app\\extensions\\node_modules\\typescript\\lib\\fr\\diagnosticMessages.generated.json" (attempt 1)
Feb 12 12:50:14.845 INFO Reading directory: "C:\\Users\\OSJ\\AppData\\Local\\Programs\\Microsoft VS Code\\resources\\app\\extensions\\node_modules\\typescript\\lib\\it"
Feb 12 12:50:14.845 INFO Get file handle: "C:\\Users\\OSJ\\AppData\\Local\\Programs\\Microsoft VS Code\\resources\\app\\extensions\\node_modules\\typescript\\lib\\it\\diagnosticMessages.generated.json" (attempt 1)
Feb 12 12:50:14.845 INFO Reading directory: "C:\\Users\\OSJ\\AppData\\Local\\Programs\\Microsoft VS Code\\resources\\app\\extensions\\node_modules\\typescript\\lib\\ja"
Feb 12 12:50:14.846 INFO Get file handle: "C:\\Users\\OSJ\\AppData\\Local\\Programs\\Microsoft VS Code\\resources\\app\\extensions\\node_modules\\typescript\\lib\\ja\\diagnosticMessages.generated.json" (attempt 1)
Feb 12 12:50:14.846 INFO Reading directory: "C:\\Users\\OSJ\\AppData\\Local\\Programs\\Microsoft VS Code\\resources\\app\\extensions\\node_modules\\typescript\\lib\\ko"
Feb 12 12:50:14.846 INFO Get file handle: "C:\\Users\\OSJ\\AppData\\Local\\Programs\\Microsoft VS Code\\resources\\app\\extensions\\node_modules\\typescript\\lib\\ko\\diagnosticMessages.generated.json" (attempt 1)
Feb 12 12:50:14.846 INFO Reading directory: "C:\\Users\\OSJ\\AppData\\Local\\Programs\\Microsoft VS Code\\resources\\app\\extensions\\node_modules\\typescript\\lib\\pl"
Feb 12 12:50:14.846 INFO Get file handle: "C:\\Users\\OSJ\\AppData\\Local\\Programs\\Microsoft VS Code\\resources\\app\\extensions\\node_modules\\typescript\\lib\\pl\\diagnosticMessages.generated.json" (attempt 1)
Feb 12 12:50:14.846 INFO Reading directory: "C:\\Users\\OSJ\\AppData\\Local\\Programs\\Microsoft VS Code\\resources\\app\\extensions\\node_modules\\typescript\\lib\\pt-br"
Feb 12 12:50:14.846 INFO Get file handle: "C:\\Users\\OSJ\\AppData\\Local\\Programs\\Microsoft VS Code\\resources\\app\\extensions\\node_modules\\typescript\\lib\\pt-br\\diagnosticMessages.generated.json" (attempt 1)
Feb 12 12:50:14.846 INFO Reading directory: "C:\\Users\\OSJ\\AppData\\Local\\Programs\\Microsoft VS Code\\resources\\app\\extensions\\node_modules\\typescript\\lib\\ru"
Feb 12 12:50:14.846 INFO Get file handle: "C:\\Users\\OSJ\\AppData\\Local\\Programs\\Microsoft VS Code\\resources\\app\\extensions\\node_modules\\typescript\\lib\\ru\\diagnosticMessages.generated.json" (attempt 1)
Feb 12 12:50:14.846 INFO Reading directory: "C:\\Users\\OSJ\\AppData\\Local\\Programs\\Microsoft VS Code\\resources\\app\\extensions\\node_modules\\typescript\\lib\\tr"
Feb 12 12:50:14.846 INFO Get file handle: "C:\\Users\\OSJ\\AppData\\Local\\Programs\\Microsoft VS Code\\resources\\app\\extensions\\node_modules\\typescript\\lib\\tr\\diagnosticMessages.generated.json" (attempt 1)
Feb 12 12:50:14.846 INFO Reading directory: "C:\\Users\\OSJ\\AppData\\Local\\Programs\\Microsoft VS Code\\resources\\app\\extensions\\node_modules\\typescript\\lib\\zh-cn"
Feb 12 12:50:14.846 INFO Get file handle: "C:\\Users\\OSJ\\AppData\\Local\\Programs\\Microsoft VS Code\\resources\\app\\extensions\\node_modules\\typescript\\lib\\zh-cn\\diagnosticMessages.generated.json" (attempt 1)
Feb 12 12:50:14.847 INFO Reading directory: "C:\\Users\\OSJ\\AppData\\Local\\Programs\\Microsoft VS Code\\resources\\app\\extensions\\node_modules\\typescript\\lib\\zh-tw"
Feb 12 12:50:14.847 INFO Get file handle: "C:\\Users\\OSJ\\AppData\\Local\\Programs\\Microsoft VS Code\\resources\\app\\extensions\\node_modules\\typescript\\lib\\zh-tw\\diagnosticMessages.generated.json" (attempt 1)
Feb 12 12:50:14.847 INFO Reading directory: "C:\\Users\\OSJ\\AppData\\Local\\Programs\\Microsoft VS Code\\resources\\app\\node_modules.asar.unpacked\\@parcel\\watcher\\build\\Release"
Feb 12 12:50:14.847 INFO Get file handle: "C:\\Users\\OSJ\\AppData\\Local\\Programs\\Microsoft VS Code\\resources\\app\\node_modules.asar.unpacked\\@parcel\\watcher\\build\\Release\\watcher.node" (attempt 1)
Feb 12 12:50:14.847 INFO Reading directory: "C:\\Users\\OSJ\\AppData\\Local\\Programs\\Microsoft VS Code\\resources\\app\\node_modules.asar.unpacked\\@vscode\\sqlite3\\build\\Release"
Feb 12 12:50:14.847 INFO Get file handle: "C:\\Users\\OSJ\\AppData\\Local\\Programs\\Microsoft VS Code\\resources\\app\\node_modules.asar.unpacked\\@vscode\\sqlite3\\build\\Release\\vscode-sqlite3.node" (attempt 1)
Feb 12 12:50:14.847 INFO Reading directory: "C:\\Users\\OSJ\\AppData\\Local\\Programs\\Microsoft VS Code\\resources\\app\\node_modules.asar.unpacked\\@vscode\\windows-registry\\build\\Release"
Feb 12 12:50:14.847 INFO Get file handle: "C:\\Users\\OSJ\\AppData\\Local\\Programs\\Microsoft VS Code\\resources\\app\\node_modules.asar.unpacked\\@vscode\\windows-registry\\build\\Release\\winregistry.node" (attempt 1)
Feb 12 12:50:14.847 INFO Reading directory: "C:\\Users\\OSJ\\AppData\\Local\\Programs\\Microsoft VS Code\\resources\\app\\out\\vs\\base\\browser\\ui"
Feb 12 12:50:14.847 INFO Reading directory: "C:\\Users\\OSJ\\AppData\\Local\\Programs\\Microsoft VS Code\\resources\\app\\out\\vs\\base\\common\\worker"
Feb 12 12:50:14.847 INFO Get file handle: "C:\\Users\\OSJ\\AppData\\Local\\Programs\\Microsoft VS Code\\resources\\app\\out\\vs\\base\\common\\worker\\simpleWorker.js" (attempt 1)
Feb 12 12:50:14.847 INFO Get file handle: "C:\\Users\\OSJ\\AppData\\Local\\Programs\\Microsoft VS Code\\resources\\app\\out\\vs\\base\\common\\worker\\simpleWorker.nls.js" (attempt 1)
Feb 12 12:50:14.847 INFO Reading directory: "C:\\Users\\OSJ\\AppData\\Local\\Programs\\Microsoft VS Code\\resources\\app\\out\\vs\\base\\parts\\sandbox"
Feb 12 12:50:14.847 INFO Reading directory: "C:\\Users\\OSJ\\AppData\\Local\\Programs\\Microsoft VS Code\\resources\\app\\out\\vs\\code\\electron-browser\\sharedProcess"
Feb 12 12:50:14.847 INFO Get file handle: "C:\\Users\\OSJ\\AppData\\Local\\Programs\\Microsoft VS Code\\resources\\app\\out\\vs\\code\\electron-browser\\sharedProcess\\sharedProcess-dev.html" (attempt 1)
Feb 12 12:50:14.848 INFO Get file handle: "C:\\Users\\OSJ\\AppData\\Local\\Programs\\Microsoft VS Code\\resources\\app\\out\\vs\\code\\electron-browser\\sharedProcess\\sharedProcess.html" (attempt 1)
Feb 12 12:50:14.848 INFO Get file handle: "C:\\Users\\OSJ\\AppData\\Local\\Programs\\Microsoft VS Code\\resources\\app\\out\\vs\\code\\electron-browser\\sharedProcess\\sharedProcess.js" (attempt 1)
Feb 12 12:50:14.848 INFO Get file handle: "C:\\Users\\OSJ\\AppData\\Local\\Programs\\Microsoft VS Code\\resources\\app\\out\\vs\\code\\electron-browser\\sharedProcess\\sharedProcessMain.js" (attempt 1)
Feb 12 12:50:14.848 INFO Get file handle: "C:\\Users\\OSJ\\AppData\\Local\\Programs\\Microsoft VS Code\\resources\\app\\out\\vs\\code\\electron-browser\\sharedProcess\\sharedProcessMain.nls.js" (attempt 1)
Feb 12 12:50:14.848 INFO Reading directory: "C:\\Users\\OSJ\\AppData\\Local\\Programs\\Microsoft VS Code\\resources\\app\\out\\vs\\code\\electron-sandbox\\issue"
Feb 12 12:50:14.848 INFO Get file handle: "C:\\Users\\OSJ\\AppData\\Local\\Programs\\Microsoft VS Code\\resources\\app\\out\\vs\\code\\electron-sandbox\\issue\\issueReporter-dev.html" (attempt 1)
Feb 12 12:50:14.848 INFO Get file handle: "C:\\Users\\OSJ\\AppData\\Local\\Programs\\Microsoft VS Code\\resources\\app\\out\\vs\\code\\electron-sandbox\\issue\\issueReporter.html" (attempt 1)
Feb 12 12:50:14.848 INFO Get file handle: "C:\\Users\\OSJ\\AppData\\Local\\Programs\\Microsoft VS Code\\resources\\app\\out\\vs\\code\\electron-sandbox\\issue\\issueReporter.js" (attempt 1)
Feb 12 12:50:14.848 INFO Get file handle: "C:\\Users\\OSJ\\AppData\\Local\\Programs\\Microsoft VS Code\\resources\\app\\out\\vs\\code\\electron-sandbox\\issue\\issueReporterMain.css" (attempt 1)
Feb 12 12:50:14.848 INFO Get file handle: "C:\\Users\\OSJ\\AppData\\Local\\Programs\\Microsoft VS Code\\resources\\app\\out\\vs\\code\\electron-sandbox\\issue\\issueReporterMain.js" (attempt 1)
Feb 12 12:50:14.848 INFO Get file handle: "C:\\Users\\OSJ\\AppData\\Local\\Programs\\Microsoft VS Code\\resources\\app\\out\\vs\\code\\electron-sandbox\\issue\\issueReporterMain.nls.js" (attempt 1)
Feb 12 12:50:14.848 INFO Reading directory: "C:\\Users\\OSJ\\AppData\\Local\\Programs\\Microsoft VS Code\\resources\\app\\out\\vs\\code\\electron-sandbox\\processExplorer"
Feb 12 12:50:14.848 INFO Get file handle: "C:\\Users\\OSJ\\AppData\\Local\\Programs\\Microsoft VS Code\\resources\\app\\out\\vs\\code\\electron-sandbox\\processExplorer\\processExplorer-dev.html" (attempt 1)
Feb 12 12:50:14.848 INFO Get file handle: "C:\\Users\\OSJ\\AppData\\Local\\Programs\\Microsoft VS Code\\resources\\app\\out\\vs\\code\\electron-sandbox\\processExplorer\\processExplorer.html" (attempt 1)
Feb 12 12:50:14.848 INFO Get file handle: "C:\\Users\\OSJ\\AppData\\Local\\Programs\\Microsoft VS Code\\resources\\app\\out\\vs\\code\\electron-sandbox\\processExplorer\\processExplorer.js" (attempt 1)
Feb 12 12:50:14.848 INFO Get file handle: "C:\\Users\\OSJ\\AppData\\Local\\Programs\\Microsoft VS Code\\resources\\app\\out\\vs\\code\\electron-sandbox\\processExplorer\\processExplorerMain.css" (attempt 1)
Feb 12 12:50:14.848 INFO Get file handle: "C:\\Users\\OSJ\\AppData\\Local\\Programs\\Microsoft VS Code\\resources\\app\\out\\vs\\code\\electron-sandbox\\processExplorer\\processExplorerMain.js" (attempt 1)
Feb 12 12:50:14.848 INFO Get file handle: "C:\\Users\\OSJ\\AppData\\Local\\Programs\\Microsoft VS Code\\resources\\app\\out\\vs\\code\\electron-sandbox\\processExplorer\\processExplorerMain.nls.js" (attempt 1)
Feb 12 12:50:14.849 INFO Reading directory: "C:\\Users\\OSJ\\AppData\\Local\\Programs\\Microsoft VS Code\\resources\\app\\out\\vs\\code\\electron-sandbox\\workbench"
Feb 12 12:50:14.849 INFO Get file handle: "C:\\Users\\OSJ\\AppData\\Local\\Programs\\Microsoft VS Code\\resources\\app\\out\\vs\\code\\electron-sandbox\\workbench\\workbench-dev.html" (attempt 1)
Feb 12 12:50:14.849 INFO Get file handle: "C:\\Users\\OSJ\\AppData\\Local\\Programs\\Microsoft VS Code\\resources\\app\\out\\vs\\code\\electron-sandbox\\workbench\\workbench.html" (attempt 1)
Feb 12 12:50:14.849 INFO Get file handle: "C:\\Users\\OSJ\\AppData\\Local\\Programs\\Microsoft VS Code\\resources\\app\\out\\vs\\code\\electron-sandbox\\workbench\\workbench.js" (attempt 1)
Feb 12 12:50:14.849 INFO Reading directory: "C:\\Users\\OSJ\\AppData\\Local\\Programs\\Microsoft VS Code\\resources\\app\\out\\vs\\editor\\common\\services"
Feb 12 12:50:14.849 INFO Get file handle: "C:\\Users\\OSJ\\AppData\\Local\\Programs\\Microsoft VS Code\\resources\\app\\out\\vs\\editor\\common\\services\\editorSimpleWorker.nls.js" (attempt 1)
Feb 12 12:50:14.849 INFO Reading directory: "C:\\Users\\OSJ\\AppData\\Local\\Programs\\Microsoft VS Code\\resources\\app\\out\\vs\\platform\\audioCues\\browser"
Feb 12 12:50:14.849 INFO Reading directory: "C:\\Users\\OSJ\\AppData\\Local\\Programs\\Microsoft VS Code\\resources\\app\\out\\vs\\platform\\files\\node"
Feb 12 12:50:14.849 INFO Reading directory: "C:\\Users\\OSJ\\AppData\\Local\\Programs\\Microsoft VS Code\\resources\\app\\out\\vs\\platform\\profiling\\electron-sandbox"
Feb 12 12:50:14.849 INFO Get file handle: "C:\\Users\\OSJ\\AppData\\Local\\Programs\\Microsoft VS Code\\resources\\app\\out\\vs\\platform\\profiling\\electron-sandbox\\profileAnalysisWorker.js" (attempt 1)
Feb 12 12:50:14.849 INFO Reading directory: "C:\\Users\\OSJ\\AppData\\Local\\Programs\\Microsoft VS Code\\resources\\app\\out\\vs\\platform\\sharedProcess\\electron-browser"
Feb 12 12:50:14.849 INFO Get file handle: "C:\\Users\\OSJ\\AppData\\Local\\Programs\\Microsoft VS Code\\resources\\app\\out\\vs\\platform\\sharedProcess\\electron-browser\\sharedProcessWorkerMain.js" (attempt 1)
Feb 12 12:50:14.849 INFO Get file handle: "C:\\Users\\OSJ\\AppData\\Local\\Programs\\Microsoft VS Code\\resources\\app\\out\\vs\\platform\\sharedProcess\\electron-browser\\sharedProcessWorkerMain.nls.js" (attempt 1)
Feb 12 12:50:14.849 INFO Reading directory: "C:\\Users\\OSJ\\AppData\\Local\\Programs\\Microsoft VS Code\\resources\\app\\out\\vs\\platform\\terminal\\node"
Feb 12 12:50:14.849 INFO Get file handle: "C:\\Users\\OSJ\\AppData\\Local\\Programs\\Microsoft VS Code\\resources\\app\\out\\vs\\platform\\terminal\\node\\ptyHostMain.js" (attempt 1)
Feb 12 12:50:14.849 INFO Get file handle: "C:\\Users\\OSJ\\AppData\\Local\\Programs\\Microsoft VS Code\\resources\\app\\out\\vs\\platform\\terminal\\node\\ptyHostMain.nls.js" (attempt 1)
Feb 12 12:50:14.849 INFO Reading directory: "C:\\Users\\OSJ\\AppData\\Local\\Programs\\Microsoft VS Code\\resources\\app\\out\\vs\\workbench\\api\\node"
Feb 12 12:50:14.849 INFO Get file handle: "C:\\Users\\OSJ\\AppData\\Local\\Programs\\Microsoft VS Code\\resources\\app\\out\\vs\\workbench\\api\\node\\extensionHostProcess.js" (attempt 1)
Feb 12 12:50:14.849 INFO Get file handle: "C:\\Users\\OSJ\\AppData\\Local\\Programs\\Microsoft VS Code\\resources\\app\\out\\vs\\workbench\\api\\node\\extensionHostProcess.nls.js" (attempt 1)
Feb 12 12:50:14.849 INFO Reading directory: "C:\\Users\\OSJ\\AppData\\Local\\Programs\\Microsoft VS Code\\resources\\app\\out\\vs\\workbench\\api\\worker"
Feb 12 12:50:14.850 INFO Get file handle: "C:\\Users\\OSJ\\AppData\\Local\\Programs\\Microsoft VS Code\\resources\\app\\out\\vs\\workbench\\api\\worker\\extensionHostWorker.js" (attempt 1)
Feb 12 12:50:14.850 INFO Get file handle: "C:\\Users\\OSJ\\AppData\\Local\\Programs\\Microsoft VS Code\\resources\\app\\out\\vs\\workbench\\api\\worker\\extensionHostWorker.nls.js" (attempt 1)
Feb 12 12:50:14.850 INFO Reading directory: "C:\\Users\\OSJ\\AppData\\Local\\Programs\\Microsoft VS Code\\resources\\app\\out\\vs\\workbench\\browser\\parts"
Feb 12 12:50:14.850 INFO Reading directory: "C:\\Users\\OSJ\\AppData\\Local\\Programs\\Microsoft VS Code\\resources\\app\\out\\vs\\workbench\\contrib\\debug"
Feb 12 12:50:14.850 INFO Reading directory: "C:\\Users\\OSJ\\AppData\\Local\\Programs\\Microsoft VS Code\\resources\\app\\out\\vs\\workbench\\contrib\\extensions"
Feb 12 12:50:14.850 INFO Reading directory: "C:\\Users\\OSJ\\AppData\\Local\\Programs\\Microsoft VS Code\\resources\\app\\out\\vs\\workbench\\contrib\\externalTerminal"
Feb 12 12:50:14.850 INFO Reading directory: "C:\\Users\\OSJ\\AppData\\Local\\Programs\\Microsoft VS Code\\resources\\app\\out\\vs\\workbench\\contrib\\interactive"
Feb 12 12:50:14.850 INFO Reading directory: "C:\\Users\\OSJ\\AppData\\Local\\Programs\\Microsoft VS Code\\resources\\app\\out\\vs\\workbench\\contrib\\notebook"
Feb 12 12:50:14.850 INFO Reading directory: "C:\\Users\\OSJ\\AppData\\Local\\Programs\\Microsoft VS Code\\resources\\app\\out\\vs\\workbench\\contrib\\output"
Feb 12 12:50:14.850 INFO Reading directory: "C:\\Users\\OSJ\\AppData\\Local\\Programs\\Microsoft VS Code\\resources\\app\\out\\vs\\workbench\\contrib\\terminal"
Feb 12 12:50:14.850 INFO Reading directory: "C:\\Users\\OSJ\\AppData\\Local\\Programs\\Microsoft VS Code\\resources\\app\\out\\vs\\workbench\\contrib\\webview"
Feb 12 12:50:14.850 INFO Reading directory: "C:\\Users\\OSJ\\AppData\\Local\\Programs\\Microsoft VS Code\\resources\\app\\out\\vs\\workbench\\contrib\\welcomeGettingStarted"
Feb 12 12:50:14.850 INFO Reading directory: "C:\\Users\\OSJ\\AppData\\Local\\Programs\\Microsoft VS Code\\resources\\app\\out\\vs\\workbench\\contrib\\welcomeOverlay"
Feb 12 12:50:14.850 INFO Reading directory: "C:\\Users\\OSJ\\AppData\\Local\\Programs\\Microsoft VS Code\\resources\\app\\out\\vs\\workbench\\services\\extensionManagement"
Feb 12 12:50:14.850 INFO Reading directory: "C:\\Users\\OSJ\\AppData\\Local\\Programs\\Microsoft VS Code\\resources\\app\\out\\vs\\workbench\\services\\extensions"
Feb 12 12:50:14.850 INFO Reading directory: "C:\\Users\\OSJ\\AppData\\Local\\Programs\\Microsoft VS Code\\resources\\app\\out\\vs\\workbench\\services\\languageDetection"
Feb 12 12:50:14.851 INFO Reading directory: "C:\\Users\\OSJ\\AppData\\Local\\Programs\\Microsoft VS Code\\resources\\app\\out\\vs\\workbench\\services\\search"
Feb 12 12:50:14.851 INFO Reading directory: "C:\\Users\\OSJ\\AppData\\Local\\Programs\\Microsoft VS Code\\resources\\app\\out\\vs\\base\\browser\\ui\\codicons"
Feb 12 12:50:14.851 INFO Reading directory: "C:\\Users\\OSJ\\AppData\\Local\\Programs\\Microsoft VS Code\\resources\\app\\out\\vs\\base\\parts\\sandbox\\electron-browser"
Feb 12 12:50:14.851 INFO Get file handle: "C:\\Users\\OSJ\\AppData\\Local\\Programs\\Microsoft VS Code\\resources\\app\\out\\vs\\base\\parts\\sandbox\\electron-browser\\preload.js" (attempt 1)
Feb 12 12:50:14.851 INFO Reading directory: "C:\\Users\\OSJ\\AppData\\Local\\Programs\\Microsoft VS Code\\resources\\app\\out\\vs\\platform\\audioCues\\browser\\media"
Feb 12 12:50:14.851 INFO Get file handle: "C:\\Users\\OSJ\\AppData\\Local\\Programs\\Microsoft VS Code\\resources\\app\\out\\vs\\platform\\audioCues\\browser\\media\\break.mp3" (attempt 1)
Feb 12 12:50:14.851 INFO Get file handle: "C:\\Users\\OSJ\\AppData\\Local\\Programs\\Microsoft VS Code\\resources\\app\\out\\vs\\platform\\audioCues\\browser\\media\\diffLineDeleted.mp3" (attempt 1)
Feb 12 12:50:14.851 INFO Get file handle: "C:\\Users\\OSJ\\AppData\\Local\\Programs\\Microsoft VS Code\\resources\\app\\out\\vs\\platform\\audioCues\\browser\\media\\diffLineInserted.mp3" (attempt 1)
Feb 12 12:50:14.851 INFO Get file handle: "C:\\Users\\OSJ\\AppData\\Local\\Programs\\Microsoft VS Code\\resources\\app\\out\\vs\\platform\\audioCues\\browser\\media\\diffLineModified.mp3" (attempt 1)
Feb 12 12:50:14.851 INFO Get file handle: "C:\\Users\\OSJ\\AppData\\Local\\Programs\\Microsoft VS Code\\resources\\app\\out\\vs\\platform\\audioCues\\browser\\media\\error.mp3" (attempt 1)
Feb 12 12:50:14.851 INFO Get file handle: "C:\\Users\\OSJ\\AppData\\Local\\Programs\\Microsoft VS Code\\resources\\app\\out\\vs\\platform\\audioCues\\browser\\media\\foldedAreas.mp3" (attempt 1)
Feb 12 12:50:14.851 INFO Get file handle: "C:\\Users\\OSJ\\AppData\\Local\\Programs\\Microsoft VS Code\\resources\\app\\out\\vs\\platform\\audioCues\\browser\\media\\quickFixes.mp3" (attempt 1)
Feb 12 12:50:14.851 INFO Get file handle: "C:\\Users\\OSJ\\AppData\\Local\\Programs\\Microsoft VS Code\\resources\\app\\out\\vs\\platform\\audioCues\\browser\\media\\taskCompleted.mp3" (attempt 1)
Feb 12 12:50:14.851 INFO Get file handle: "C:\\Users\\OSJ\\AppData\\Local\\Programs\\Microsoft VS Code\\resources\\app\\out\\vs\\platform\\audioCues\\browser\\media\\taskFailed.mp3" (attempt 1)
Feb 12 12:50:14.852 INFO Get file handle: "C:\\Users\\OSJ\\AppData\\Local\\Programs\\Microsoft VS Code\\resources\\app\\out\\vs\\platform\\audioCues\\browser\\media\\terminalBell.mp3" (attempt 1)
Feb 12 12:50:14.852 INFO Get file handle: "C:\\Users\\OSJ\\AppData\\Local\\Programs\\Microsoft VS Code\\resources\\app\\out\\vs\\platform\\audioCues\\browser\\media\\warning.mp3" (attempt 1)
Feb 12 12:50:14.852 INFO Reading directory: "C:\\Users\\OSJ\\AppData\\Local\\Programs\\Microsoft VS Code\\resources\\app\\out\\vs\\platform\\files\\node\\watcher"
Feb 12 12:50:14.852 INFO Get file handle: "C:\\Users\\OSJ\\AppData\\Local\\Programs\\Microsoft VS Code\\resources\\app\\out\\vs\\platform\\files\\node\\watcher\\watcherMain.js" (attempt 1)
Feb 12 12:50:14.852 INFO Get file handle: "C:\\Users\\OSJ\\AppData\\Local\\Programs\\Microsoft VS Code\\resources\\app\\out\\vs\\platform\\files\\node\\watcher\\watcherMain.nls.js" (attempt 1)
Feb 12 12:50:14.852 INFO Reading directory: "C:\\Users\\OSJ\\AppData\\Local\\Programs\\Microsoft VS Code\\resources\\app\\out\\vs\\workbench\\browser\\parts\\editor"
Feb 12 12:50:14.852 INFO Reading directory: "C:\\Users\\OSJ\\AppData\\Local\\Programs\\Microsoft VS Code\\resources\\app\\out\\vs\\workbench\\contrib\\debug\\browser"
Feb 12 12:50:14.852 INFO Reading directory: "C:\\Users\\OSJ\\AppData\\Local\\Programs\\Microsoft VS Code\\resources\\app\\out\\vs\\workbench\\contrib\\debug\\node"
Feb 12 12:50:14.852 INFO Get file handle: "C:\\Users\\OSJ\\AppData\\Local\\Programs\\Microsoft VS Code\\resources\\app\\out\\vs\\workbench\\contrib\\debug\\node\\telemetryApp.js" (attempt 1)
Feb 12 12:50:14.852 INFO Get file handle: "C:\\Users\\OSJ\\AppData\\Local\\Programs\\Microsoft VS Code\\resources\\app\\out\\vs\\workbench\\contrib\\debug\\node\\telemetryApp.nls.js" (attempt 1)
Feb 12 12:50:14.852 INFO Reading directory: "C:\\Users\\OSJ\\AppData\\Local\\Programs\\Microsoft VS Code\\resources\\app\\out\\vs\\workbench\\contrib\\extensions\\browser"
Feb 12 12:50:14.852 INFO Reading directory: "C:\\Users\\OSJ\\AppData\\Local\\Programs\\Microsoft VS Code\\resources\\app\\out\\vs\\workbench\\contrib\\externalTerminal\\node"
Feb 12 12:50:14.852 INFO Get file handle: "C:\\Users\\OSJ\\AppData\\Local\\Programs\\Microsoft VS Code\\resources\\app\\out\\vs\\workbench\\contrib\\externalTerminal\\node\\iTermHelper.scpt" (attempt 1)
Feb 12 12:50:14.852 INFO Get file handle: "C:\\Users\\OSJ\\AppData\\Local\\Programs\\Microsoft VS Code\\resources\\app\\out\\vs\\workbench\\contrib\\externalTerminal\\node\\TerminalHelper.scpt" (attempt 1)
Feb 12 12:50:14.853 INFO Reading directory: "C:\\Users\\OSJ\\AppData\\Local\\Programs\\Microsoft VS Code\\resources\\app\\out\\vs\\workbench\\contrib\\interactive\\browser"
Feb 12 12:50:14.853 INFO Reading directory: "C:\\Users\\OSJ\\AppData\\Local\\Programs\\Microsoft VS Code\\resources\\app\\out\\vs\\workbench\\contrib\\notebook\\browser"
Feb 12 12:50:14.853 INFO Reading directory: "C:\\Users\\OSJ\\AppData\\Local\\Programs\\Microsoft VS Code\\resources\\app\\out\\vs\\workbench\\contrib\\notebook\\common"
Feb 12 12:50:14.853 INFO Reading directory: "C:\\Users\\OSJ\\AppData\\Local\\Programs\\Microsoft VS Code\\resources\\app\\out\\vs\\workbench\\contrib\\output\\common"
Feb 12 12:50:14.853 INFO Get file handle: "C:\\Users\\OSJ\\AppData\\Local\\Programs\\Microsoft VS Code\\resources\\app\\out\\vs\\workbench\\contrib\\output\\common\\outputLinkComputer.js" (attempt 1)
Feb 12 12:50:14.853 INFO Reading directory: "C:\\Users\\OSJ\\AppData\\Local\\Programs\\Microsoft VS Code\\resources\\app\\out\\vs\\workbench\\contrib\\terminal\\browser"
Feb 12 12:50:14.853 INFO Reading directory: "C:\\Users\\OSJ\\AppData\\Local\\Programs\\Microsoft VS Code\\resources\\app\\out\\vs\\workbench\\contrib\\webview\\browser"
Feb 12 12:50:14.853 INFO Reading directory: "C:\\Users\\OSJ\\AppData\\Local\\Programs\\Microsoft VS Code\\resources\\app\\out\\vs\\workbench\\contrib\\welcomeGettingStarted\\common"
Feb 12 12:50:14.853 INFO Reading directory: "C:\\Users\\OSJ\\AppData\\Local\\Programs\\Microsoft VS Code\\resources\\app\\out\\vs\\workbench\\contrib\\welcomeOverlay\\browser"
Feb 12 12:50:14.853 INFO Reading directory: "C:\\Users\\OSJ\\AppData\\Local\\Programs\\Microsoft VS Code\\resources\\app\\out\\vs\\workbench\\services\\extensionManagement\\common"
Feb 12 12:50:14.853 INFO Reading directory: "C:\\Users\\OSJ\\AppData\\Local\\Programs\\Microsoft VS Code\\resources\\app\\out\\vs\\workbench\\services\\extensions\\worker"
Feb 12 12:50:14.853 INFO Get file handle: "C:\\Users\\OSJ\\AppData\\Local\\Programs\\Microsoft VS Code\\resources\\app\\out\\vs\\workbench\\services\\extensions\\worker\\webWorkerExtensionHostIframe.html" (attempt 1)
Feb 12 12:50:14.853 INFO Reading directory: "C:\\Users\\OSJ\\AppData\\Local\\Programs\\Microsoft VS Code\\resources\\app\\out\\vs\\workbench\\services\\languageDetection\\browser"
Feb 12 12:50:14.853 INFO Get file handle: "C:\\Users\\OSJ\\AppData\\Local\\Programs\\Microsoft VS Code\\resources\\app\\out\\vs\\workbench\\services\\languageDetection\\browser\\languageDetectionSimpleWorker.js" (attempt 1)
Feb 12 12:50:14.853 INFO Reading directory: "C:\\Users\\OSJ\\AppData\\Local\\Programs\\Microsoft VS Code\\resources\\app\\out\\vs\\workbench\\services\\search\\worker"
Feb 12 12:50:14.853 INFO Get file handle: "C:\\Users\\OSJ\\AppData\\Local\\Programs\\Microsoft VS Code\\resources\\app\\out\\vs\\workbench\\services\\search\\worker\\localFileSearch.js" (attempt 1)
Feb 12 12:50:14.854 INFO Reading directory: "C:\\Users\\OSJ\\AppData\\Local\\Programs\\Microsoft VS Code\\resources\\app\\out\\vs\\base\\browser\\ui\\codicons\\codicon"
Feb 12 12:50:14.854 INFO Get file handle: "C:\\Users\\OSJ\\AppData\\Local\\Programs\\Microsoft VS Code\\resources\\app\\out\\vs\\base\\browser\\ui\\codicons\\codicon\\codicon-modifiers.css" (attempt 1)
Feb 12 12:50:14.854 INFO Get file handle: "C:\\Users\\OSJ\\AppData\\Local\\Programs\\Microsoft VS Code\\resources\\app\\out\\vs\\base\\browser\\ui\\codicons\\codicon\\codicon.css" (attempt 1)
Feb 12 12:50:14.854 INFO Get file handle: "C:\\Users\\OSJ\\AppData\\Local\\Programs\\Microsoft VS Code\\resources\\app\\out\\vs\\base\\browser\\ui\\codicons\\codicon\\codicon.ttf" (attempt 1)
Feb 12 12:50:14.854 INFO Reading directory: "C:\\Users\\OSJ\\AppData\\Local\\Programs\\Microsoft VS Code\\resources\\app\\out\\vs\\workbench\\browser\\parts\\editor\\media"
Feb 12 12:50:14.854 INFO Get file handle: "C:\\Users\\OSJ\\AppData\\Local\\Programs\\Microsoft VS Code\\resources\\app\\out\\vs\\workbench\\browser\\parts\\editor\\media\\back-tb.png" (attempt 1)
Feb 12 12:50:14.854 INFO Get file handle: "C:\\Users\\OSJ\\AppData\\Local\\Programs\\Microsoft VS Code\\resources\\app\\out\\vs\\workbench\\browser\\parts\\editor\\media\\forward-tb.png" (attempt 1)
Feb 12 12:50:14.854 INFO Reading directory: "C:\\Users\\OSJ\\AppData\\Local\\Programs\\Microsoft VS Code\\resources\\app\\out\\vs\\workbench\\contrib\\debug\\browser\\media"
Feb 12 12:50:14.854 INFO Get file handle: "C:\\Users\\OSJ\\AppData\\Local\\Programs\\Microsoft VS Code\\resources\\app\\out\\vs\\workbench\\contrib\\debug\\browser\\media\\continue-tb.png" (attempt 1)
Feb 12 12:50:14.854 INFO Get file handle: "C:\\Users\\OSJ\\AppData\\Local\\Programs\\Microsoft VS Code\\resources\\app\\out\\vs\\workbench\\contrib\\debug\\browser\\media\\pause-tb.png" (attempt 1)
Feb 12 12:50:14.854 INFO Get file handle: "C:\\Users\\OSJ\\AppData\\Local\\Programs\\Microsoft VS Code\\resources\\app\\out\\vs\\workbench\\contrib\\debug\\browser\\media\\restart-tb.png" (attempt 1)
Feb 12 12:50:14.854 INFO Get file handle: "C:\\Users\\OSJ\\AppData\\Local\\Programs\\Microsoft VS Code\\resources\\app\\out\\vs\\workbench\\contrib\\debug\\browser\\media\\run-with-debugging-tb.png" (attempt 1)
Feb 12 12:50:14.854 INFO Get file handle: "C:\\Users\\OSJ\\AppData\\Local\\Programs\\Microsoft VS Code\\resources\\app\\out\\vs\\workbench\\contrib\\debug\\browser\\media\\stepinto-tb.png" (attempt 1)
Feb 12 12:50:14.855 INFO Get file handle: "C:\\Users\\OSJ\\AppData\\Local\\Programs\\Microsoft VS Code\\resources\\app\\out\\vs\\workbench\\contrib\\debug\\browser\\media\\stepout-tb.png" (attempt 1)
Feb 12 12:50:14.855 INFO Get file handle: "C:\\Users\\OSJ\\AppData\\Local\\Programs\\Microsoft VS Code\\resources\\app\\out\\vs\\workbench\\contrib\\debug\\browser\\media\\stepover-tb.png" (attempt 1)
Feb 12 12:50:14.855 INFO Get file handle: "C:\\Users\\OSJ\\AppData\\Local\\Programs\\Microsoft VS Code\\resources\\app\\out\\vs\\workbench\\contrib\\debug\\browser\\media\\stop-tb.png" (attempt 1)
Feb 12 12:50:14.855 INFO Reading directory: "C:\\Users\\OSJ\\AppData\\Local\\Programs\\Microsoft VS Code\\resources\\app\\out\\vs\\workbench\\contrib\\extensions\\browser\\media"
Feb 12 12:50:14.855 INFO Get file handle: "C:\\Users\\OSJ\\AppData\\Local\\Programs\\Microsoft VS Code\\resources\\app\\out\\vs\\workbench\\contrib\\extensions\\browser\\media\\language-icon.svg" (attempt 1)
Feb 12 12:50:14.855 INFO Get file handle: "C:\\Users\\OSJ\\AppData\\Local\\Programs\\Microsoft VS Code\\resources\\app\\out\\vs\\workbench\\contrib\\extensions\\browser\\media\\theme-icon.png" (attempt 1)
Feb 12 12:50:14.855 INFO Reading directory: "C:\\Users\\OSJ\\AppData\\Local\\Programs\\Microsoft VS Code\\resources\\app\\out\\vs\\workbench\\contrib\\interactive\\browser\\docs"
Feb 12 12:50:14.855 INFO Get file handle: "C:\\Users\\OSJ\\AppData\\Local\\Programs\\Microsoft VS Code\\resources\\app\\out\\vs\\workbench\\contrib\\interactive\\browser\\docs\\interactive.editor.drawio.svg" (attempt 1)
Feb 12 12:50:14.855 INFO Get file handle: "C:\\Users\\OSJ\\AppData\\Local\\Programs\\Microsoft VS Code\\resources\\app\\out\\vs\\workbench\\contrib\\interactive\\browser\\docs\\interactive.eh.drawio.svg" (attempt 1)
Feb 12 12:50:14.855 INFO Reading directory: "C:\\Users\\OSJ\\AppData\\Local\\Programs\\Microsoft VS Code\\resources\\app\\out\\vs\\workbench\\contrib\\notebook\\browser\\docs"
Feb 12 12:50:14.855 INFO Get file handle: "C:\\Users\\OSJ\\AppData\\Local\\Programs\\Microsoft VS Code\\resources\\app\\out\\vs\\workbench\\contrib\\notebook\\browser\\docs\\cell-resize-above-viewport.drawio.svg" (attempt 1)
Feb 12 12:50:14.855 INFO Get file handle: "C:\\Users\\OSJ\\AppData\\Local\\Programs\\Microsoft VS Code\\resources\\app\\out\\vs\\workbench\\contrib\\notebook\\browser\\docs\\hybrid-find.drawio.svg" (attempt 1)
Feb 12 12:50:14.855 INFO Get file handle: "C:\\Users\\OSJ\\AppData\\Local\\Programs\\Microsoft VS Code\\resources\\app\\out\\vs\\workbench\\contrib\\notebook\\browser\\docs\\viewport-rendering.drawio.svg" (attempt 1)
Feb 12 12:50:14.856 INFO Reading directory: "C:\\Users\\OSJ\\AppData\\Local\\Programs\\Microsoft VS Code\\resources\\app\\out\\vs\\workbench\\contrib\\notebook\\common\\services"
Feb 12 12:50:14.856 INFO Get file handle: "C:\\Users\\OSJ\\AppData\\Local\\Programs\\Microsoft VS Code\\resources\\app\\out\\vs\\workbench\\contrib\\notebook\\common\\services\\notebookSimpleWorker.js" (attempt 1)
Feb 12 12:50:14.856 INFO Reading directory: "C:\\Users\\OSJ\\AppData\\Local\\Programs\\Microsoft VS Code\\resources\\app\\out\\vs\\workbench\\contrib\\terminal\\browser\\media"
Feb 12 12:50:14.856 INFO Get file handle: "C:\\Users\\OSJ\\AppData\\Local\\Programs\\Microsoft VS Code\\resources\\app\\out\\vs\\workbench\\contrib\\terminal\\browser\\media\\shellIntegration-bash.sh" (attempt 1)
Feb 12 12:50:14.856 INFO Get file handle: "C:\\Users\\OSJ\\AppData\\Local\\Programs\\Microsoft VS Code\\resources\\app\\out\\vs\\workbench\\contrib\\terminal\\browser\\media\\shellIntegration-env.zsh" (attempt 1)
Feb 12 12:50:14.856 INFO Get file handle: "C:\\Users\\OSJ\\AppData\\Local\\Programs\\Microsoft VS Code\\resources\\app\\out\\vs\\workbench\\contrib\\terminal\\browser\\media\\shellIntegration-login.zsh" (attempt 1)
Feb 12 12:50:14.856 INFO Get file handle: "C:\\Users\\OSJ\\AppData\\Local\\Programs\\Microsoft VS Code\\resources\\app\\out\\vs\\workbench\\contrib\\terminal\\browser\\media\\shellIntegration-profile.zsh" (attempt 1)
Feb 12 12:50:14.856 INFO Get file handle: "C:\\Users\\OSJ\\AppData\\Local\\Programs\\Microsoft VS Code\\resources\\app\\out\\vs\\workbench\\contrib\\terminal\\browser\\media\\shellIntegration-rc.zsh" (attempt 1)
Feb 12 12:50:14.856 INFO Get file handle: "C:\\Users\\OSJ\\AppData\\Local\\Programs\\Microsoft VS Code\\resources\\app\\out\\vs\\workbench\\contrib\\terminal\\browser\\media\\shellIntegration.fish" (attempt 1)
Feb 12 12:50:14.856 INFO Get file handle: "C:\\Users\\OSJ\\AppData\\Local\\Programs\\Microsoft VS Code\\resources\\app\\out\\vs\\workbench\\contrib\\terminal\\browser\\media\\shellIntegration.ps1" (attempt 1)
Feb 12 12:50:14.856 INFO Reading directory: "C:\\Users\\OSJ\\AppData\\Local\\Programs\\Microsoft VS Code\\resources\\app\\out\\vs\\workbench\\contrib\\webview\\browser\\pre"
Feb 12 12:50:14.856 INFO Get file handle: "C:\\Users\\OSJ\\AppData\\Local\\Programs\\Microsoft VS Code\\resources\\app\\out\\vs\\workbench\\contrib\\webview\\browser\\pre\\fake.html" (attempt 1)
Feb 12 12:50:14.856 INFO Get file handle: "C:\\Users\\OSJ\\AppData\\Local\\Programs\\Microsoft VS Code\\resources\\app\\out\\vs\\workbench\\contrib\\webview\\browser\\pre\\index-no-csp.html" (attempt 1)
Feb 12 12:50:14.857 INFO Get file handle: "C:\\Users\\OSJ\\AppData\\Local\\Programs\\Microsoft VS Code\\resources\\app\\out\\vs\\workbench\\contrib\\webview\\browser\\pre\\index.html" (attempt 1)
Feb 12 12:50:14.857 INFO Get file handle: "C:\\Users\\OSJ\\AppData\\Local\\Programs\\Microsoft VS Code\\resources\\app\\out\\vs\\workbench\\contrib\\webview\\browser\\pre\\service-worker.js" (attempt 1)
Feb 12 12:50:14.857 INFO Reading directory: "C:\\Users\\OSJ\\AppData\\Local\\Programs\\Microsoft VS Code\\resources\\app\\out\\vs\\workbench\\contrib\\welcomeGettingStarted\\common\\media"
Feb 12 12:50:14.857 INFO Get file handle: "C:\\Users\\OSJ\\AppData\\Local\\Programs\\Microsoft VS Code\\resources\\app\\out\\vs\\workbench\\contrib\\welcomeGettingStarted\\common\\media\\commandPalette.svg" (attempt 1)
Feb 12 12:50:14.857 INFO Get file handle: "C:\\Users\\OSJ\\AppData\\Local\\Programs\\Microsoft VS Code\\resources\\app\\out\\vs\\workbench\\contrib\\welcomeGettingStarted\\common\\media\\dark-hc.png" (attempt 1)
Feb 12 12:50:14.857 INFO Get file handle: "C:\\Users\\OSJ\\AppData\\Local\\Programs\\Microsoft VS Code\\resources\\app\\out\\vs\\workbench\\contrib\\welcomeGettingStarted\\common\\media\\dark.png" (attempt 1)
Feb 12 12:50:14.857 INFO Get file handle: "C:\\Users\\OSJ\\AppData\\Local\\Programs\\Microsoft VS Code\\resources\\app\\out\\vs\\workbench\\contrib\\welcomeGettingStarted\\common\\media\\debug.svg" (attempt 1)
Feb 12 12:50:14.857 INFO Get file handle: "C:\\Users\\OSJ\\AppData\\Local\\Programs\\Microsoft VS Code\\resources\\app\\out\\vs\\workbench\\contrib\\welcomeGettingStarted\\common\\media\\extensions-web.svg" (attempt 1)
Feb 12 12:50:14.857 INFO Get file handle: "C:\\Users\\OSJ\\AppData\\Local\\Programs\\Microsoft VS Code\\resources\\app\\out\\vs\\workbench\\contrib\\welcomeGettingStarted\\common\\media\\extensions.svg" (attempt 1)
Feb 12 12:50:14.858 INFO Get file handle: "C:\\Users\\OSJ\\AppData\\Local\\Programs\\Microsoft VS Code\\resources\\app\\out\\vs\\workbench\\contrib\\welcomeGettingStarted\\common\\media\\git.svg" (attempt 1)
Feb 12 12:50:14.858 INFO Get file handle: "C:\\Users\\OSJ\\AppData\\Local\\Programs\\Microsoft VS Code\\resources\\app\\out\\vs\\workbench\\contrib\\welcomeGettingStarted\\common\\media\\interactivePlayground.svg" (attempt 1)
Feb 12 12:50:14.858 INFO Get file handle: "C:\\Users\\OSJ\\AppData\\Local\\Programs\\Microsoft VS Code\\resources\\app\\out\\vs\\workbench\\contrib\\welcomeGettingStarted\\common\\media\\languages.svg" (attempt 1)
Feb 12 12:50:14.858 INFO Get file handle: "C:\\Users\\OSJ\\AppData\\Local\\Programs\\Microsoft VS Code\\resources\\app\\out\\vs\\workbench\\contrib\\welcomeGettingStarted\\common\\media\\learn.svg" (attempt 1)
Feb 12 12:50:14.858 INFO Get file handle: "C:\\Users\\OSJ\\AppData\\Local\\Programs\\Microsoft VS Code\\resources\\app\\out\\vs\\workbench\\contrib\\welcomeGettingStarted\\common\\media\\light-hc.png" (attempt 1)
Feb 12 12:50:14.858 INFO Get file handle: "C:\\Users\\OSJ\\AppData\\Local\\Programs\\Microsoft VS Code\\resources\\app\\out\\vs\\workbench\\contrib\\welcomeGettingStarted\\common\\media\\light.png" (attempt 1)
Feb 12 12:50:14.858 INFO Get file handle: "C:\\Users\\OSJ\\AppData\\Local\\Programs\\Microsoft VS Code\\resources\\app\\out\\vs\\workbench\\contrib\\welcomeGettingStarted\\common\\media\\menuBar.svg" (attempt 1)
Feb 12 12:50:14.858 INFO Get file handle: "C:\\Users\\OSJ\\AppData\\Local\\Programs\\Microsoft VS Code\\resources\\app\\out\\vs\\workbench\\contrib\\welcomeGettingStarted\\common\\media\\openFolder.svg" (attempt 1)
Feb 12 12:50:14.858 INFO Get file handle: "C:\\Users\\OSJ\\AppData\\Local\\Programs\\Microsoft VS Code\\resources\\app\\out\\vs\\workbench\\contrib\\welcomeGettingStarted\\common\\media\\runTask.svg" (attempt 1)
Feb 12 12:50:14.858 INFO Get file handle: "C:\\Users\\OSJ\\AppData\\Local\\Programs\\Microsoft VS Code\\resources\\app\\out\\vs\\workbench\\contrib\\welcomeGettingStarted\\common\\media\\search.svg" (attempt 1)
Feb 12 12:50:14.858 INFO Get file handle: "C:\\Users\\OSJ\\AppData\\Local\\Programs\\Microsoft VS Code\\resources\\app\\out\\vs\\workbench\\contrib\\welcomeGettingStarted\\common\\media\\settings.svg" (attempt 1)
Feb 12 12:50:14.858 INFO Get file handle: "C:\\Users\\OSJ\\AppData\\Local\\Programs\\Microsoft VS Code\\resources\\app\\out\\vs\\workbench\\contrib\\welcomeGettingStarted\\common\\media\\settingsSync.svg" (attempt 1)
Feb 12 12:50:14.858 INFO Get file handle: "C:\\Users\\OSJ\\AppData\\Local\\Programs\\Microsoft VS Code\\resources\\app\\out\\vs\\workbench\\contrib\\welcomeGettingStarted\\common\\media\\shortcuts.svg" (attempt 1)
Feb 12 12:50:14.859 INFO Get file handle: "C:\\Users\\OSJ\\AppData\\Local\\Programs\\Microsoft VS Code\\resources\\app\\out\\vs\\workbench\\contrib\\welcomeGettingStarted\\common\\media\\sideBySide.svg" (attempt 1)
Feb 12 12:50:14.859 INFO Get file handle: "C:\\Users\\OSJ\\AppData\\Local\\Programs\\Microsoft VS Code\\resources\\app\\out\\vs\\workbench\\contrib\\welcomeGettingStarted\\common\\media\\terminal.svg" (attempt 1)
Feb 12 12:50:14.859 INFO Get file handle: "C:\\Users\\OSJ\\AppData\\Local\\Programs\\Microsoft VS Code\\resources\\app\\out\\vs\\workbench\\contrib\\welcomeGettingStarted\\common\\media\\workspaceTrust.svg" (attempt 1)
Feb 12 12:50:14.859 INFO Reading directory: "C:\\Users\\OSJ\\AppData\\Local\\Programs\\Microsoft VS Code\\resources\\app\\out\\vs\\workbench\\contrib\\welcomeOverlay\\browser\\media"
Feb 12 12:50:14.859 INFO Get file handle: "C:\\Users\\OSJ\\AppData\\Local\\Programs\\Microsoft VS Code\\resources\\app\\out\\vs\\workbench\\contrib\\welcomeOverlay\\browser\\media\\commandpalette-dark.svg" (attempt 1)
Feb 12 12:50:14.859 INFO Get file handle: "C:\\Users\\OSJ\\AppData\\Local\\Programs\\Microsoft VS Code\\resources\\app\\out\\vs\\workbench\\contrib\\welcomeOverlay\\browser\\media\\commandpalette.svg" (attempt 1)
Feb 12 12:50:14.859 INFO Reading directory: "C:\\Users\\OSJ\\AppData\\Local\\Programs\\Microsoft VS Code\\resources\\app\\out\\vs\\workbench\\services\\extensionManagement\\common\\media"
Feb 12 12:50:14.859 INFO Get file handle: "C:\\Users\\OSJ\\AppData\\Local\\Programs\\Microsoft VS Code\\resources\\app\\out\\vs\\workbench\\services\\extensionManagement\\common\\media\\defaultIcon.png" (attempt 1)
Feb 12 12:50:14.859 INFO Reading directory: "C:\\Users\\OSJ\\AppData\\Local\\Programs\\Microsoft VS Code\\resources\\app\\out\\vs\\workbench\\contrib\\welcomeGettingStarted\\common\\media\\notebookThemes"
Feb 12 12:50:14.859 INFO Get file handle: "C:\\Users\\OSJ\\AppData\\Local\\Programs\\Microsoft VS Code\\resources\\app\\out\\vs\\workbench\\contrib\\welcomeGettingStarted\\common\\media\\notebookThemes\\colab.png" (attempt 1)
Feb 12 12:50:14.859 INFO Get file handle: "C:\\Users\\OSJ\\AppData\\Local\\Programs\\Microsoft VS Code\\resources\\app\\out\\vs\\workbench\\contrib\\welcomeGettingStarted\\common\\media\\notebookThemes\\default.png" (attempt 1)
Feb 12 12:50:14.859 INFO Get file handle: "C:\\Users\\OSJ\\AppData\\Local\\Programs\\Microsoft VS Code\\resources\\app\\out\\vs\\workbench\\contrib\\welcomeGettingStarted\\common\\media\\notebookThemes\\jupyter.png" (attempt 1)
Feb 12 12:50:14.859 INFO Collected all directories and file handles
Feb 12 12:50:14.890 INFO All file handles marked for deletion
Feb 12 12:50:14.954 INFO All files deleted
Feb 12 12:50:14.954 INFO Delete directory recursively: "C:\\Users\\OSJ\\AppData\\Local\\Programs\\Microsoft VS Code\\bin" (attempt 1)
Feb 12 12:50:14.954 INFO Delete directory recursively: "C:\\Users\\OSJ\\AppData\\Local\\Programs\\Microsoft VS Code\\locales" (attempt 1)
Feb 12 12:50:14.955 INFO Delete directory recursively: "C:\\Users\\OSJ\\AppData\\Local\\Programs\\Microsoft VS Code\\policies" (attempt 1)
Feb 12 12:50:14.956 INFO Delete directory recursively: "C:\\Users\\OSJ\\AppData\\Local\\Programs\\Microsoft VS Code\\resources" (attempt 1)
Feb 12 12:50:15.008 INFO Rename: "bin" (attempt 1)
Feb 12 12:50:15.009 INFO Rename: "chrome_100_percent.pak" (attempt 1)
Feb 12 12:50:15.010 INFO Rename: "chrome_200_percent.pak" (attempt 1)
Feb 12 12:50:15.011 INFO Rename: "Code.exe" (attempt 1)
Feb 12 12:50:15.011 INFO Rename: "Code.VisualElementsManifest.xml" (attempt 1)
Feb 12 12:50:15.012 INFO Rename: "d3dcompiler_47.dll" (attempt 1)
Feb 12 12:50:15.012 INFO Rename: "ffmpeg.dll" (attempt 1)
Feb 12 12:50:15.013 INFO Rename: "icudtl.dat" (attempt 1)
Feb 12 12:50:15.013 INFO Rename: "libEGL.dll" (attempt 1)
Feb 12 12:50:15.013 INFO Rename: "libGLESv2.dll" (attempt 1)
Feb 12 12:50:15.014 INFO Rename: "locales" (attempt 1)
Feb 12 12:50:15.015 INFO Rename: "policies" (attempt 1)
Feb 12 12:50:15.015 INFO Rename: "resources" (attempt 1)
Feb 12 12:50:15.017 INFO Rename: "resources.pak" (attempt 1)
Feb 12 12:50:15.018 INFO Rename: "snapshot_blob.bin" (attempt 1)
Feb 12 12:50:15.018 INFO Rename: "v8_context_snapshot.bin" (attempt 1)
Feb 12 12:50:15.019 INFO Rename: "vk_swiftshader.dll" (attempt 1)
Feb 12 12:50:15.019 INFO Rename: "vk_swiftshader_icd.json" (attempt 1)
Feb 12 12:50:15.020 INFO Rename: "vulkan-1.dll" (attempt 1)
Feb 12 12:50:15.020 INFO Delete: "C:\\Users\\OSJ\\AppData\\Local\\Programs\\Microsoft VS Code\\_"
Feb 12 12:50:15.040 INFO header: Header, id: Inno Setup Uninstall Log (b) 64-bit, app id: {771FD6B0-FA20-440A-A002-3B3BAC16DC50}, app name: Visual Studio Code, version: 1048, num recs: 22958, end offset: 4706977, flags: 0x34, crc: 0x29baf9a4
Feb 12 12:50:15.041 INFO num_recs: 22958
Feb 12 12:50:15.066 INFO Updating uninstall file "C:\\Users\\OSJ\\AppData\\Local\\Programs\\Microsoft VS Code\\unins000.dat"
Feb 12 12:50:15.092 INFO Update was successful!
